/*
 Navicat Premium Data Transfer

 Source Server         : localhost
 Source Server Type    : MySQL
 Source Server Version : 100316
 Source Host           : localhost:3306
 Source Schema         : eapi

 Target Server Type    : MySQL
 Target Server Version : 100316
 File Encoding         : 65001

 Date: 16/09/2019 13:06:07
*/

SET NAMES utf8mb4;
SET FOREIGN_KEY_CHECKS = 0;

-- ----------------------------
-- Table structure for migrations
-- ----------------------------
DROP TABLE IF EXISTS `migrations`;
CREATE TABLE `migrations` (
  `id` int(10) unsigned NOT NULL AUTO_INCREMENT,
  `migration` varchar(255) COLLATE utf8mb4_unicode_ci NOT NULL,
  `batch` int(11) NOT NULL,
  PRIMARY KEY (`id`)
) ENGINE=InnoDB AUTO_INCREMENT=5 DEFAULT CHARSET=utf8mb4 COLLATE=utf8mb4_unicode_ci;

-- ----------------------------
-- Records of migrations
-- ----------------------------
BEGIN;
INSERT INTO `migrations` VALUES (1, '2014_10_12_000000_create_users_table', 1);
INSERT INTO `migrations` VALUES (2, '2014_10_12_100000_create_password_resets_table', 1);
INSERT INTO `migrations` VALUES (3, '2019_09_16_030230_create_products_table', 1);
INSERT INTO `migrations` VALUES (4, '2019_09_16_030252_create_reviews_table', 2);
COMMIT;

-- ----------------------------
-- Table structure for password_resets
-- ----------------------------
DROP TABLE IF EXISTS `password_resets`;
CREATE TABLE `password_resets` (
  `email` varchar(255) COLLATE utf8mb4_unicode_ci NOT NULL,
  `token` varchar(255) COLLATE utf8mb4_unicode_ci NOT NULL,
  `created_at` timestamp NULL DEFAULT NULL,
  KEY `password_resets_email_index` (`email`)
) ENGINE=InnoDB DEFAULT CHARSET=utf8mb4 COLLATE=utf8mb4_unicode_ci;

-- ----------------------------
-- Table structure for products
-- ----------------------------
DROP TABLE IF EXISTS `products`;
CREATE TABLE `products` (
  `id` int(10) unsigned NOT NULL AUTO_INCREMENT,
  `name` varchar(255) COLLATE utf8mb4_unicode_ci NOT NULL,
  `detail` text COLLATE utf8mb4_unicode_ci NOT NULL,
  `price` int(11) NOT NULL,
  `stock` int(11) NOT NULL,
  `discount` int(11) NOT NULL,
  `created_at` timestamp NULL DEFAULT NULL,
  `updated_at` timestamp NULL DEFAULT NULL,
  PRIMARY KEY (`id`)
) ENGINE=InnoDB AUTO_INCREMENT=51 DEFAULT CHARSET=utf8mb4 COLLATE=utf8mb4_unicode_ci;

-- ----------------------------
-- Records of products
-- ----------------------------
BEGIN;
INSERT INTO `products` VALUES (1, 'quibusdam', 'Id atque nostrum eligendi modi in sunt iusto. Iste et ut sit officia corrupti dolor. Dicta voluptatem sed explicabo molestiae quo possimus culpa sint. Ratione numquam dolore quo maiores neque.', 180, 4, 12, '2019-09-16 05:03:09', '2019-09-16 05:03:09');
INSERT INTO `products` VALUES (2, 'ab', 'Quibusdam suscipit ut repellat nostrum ratione sed nihil consequatur. Iusto odit placeat ipsam. Itaque et laboriosam magnam ut dolores.', 417, 3, 26, '2019-09-16 05:03:09', '2019-09-16 05:03:09');
INSERT INTO `products` VALUES (3, 'nesciunt', 'Distinctio neque ut nihil excepturi. Aut qui autem velit. Debitis ratione inventore aperiam magni et quia et modi.', 809, 1, 14, '2019-09-16 05:03:09', '2019-09-16 05:03:09');
INSERT INTO `products` VALUES (4, 'asperiores', 'Accusantium et vel nam ut quae assumenda facilis vitae. Aut et ipsa maiores et enim architecto et assumenda. Doloribus provident laboriosam quasi atque aut eos. Optio ipsam repellendus voluptatem error voluptas.', 129, 3, 15, '2019-09-16 05:03:09', '2019-09-16 05:03:09');
INSERT INTO `products` VALUES (5, 'quisquam', 'Quae debitis error autem libero ducimus. Explicabo libero qui temporibus libero. Qui omnis rerum fuga esse.', 504, 3, 5, '2019-09-16 05:03:09', '2019-09-16 05:03:09');
INSERT INTO `products` VALUES (6, 'voluptate', 'Nihil est laudantium quod ex non. Doloremque possimus esse magnam eaque. Quibusdam tenetur dolorem nam molestiae rerum est.', 364, 7, 19, '2019-09-16 05:03:09', '2019-09-16 05:03:09');
INSERT INTO `products` VALUES (7, 'qui', 'Ea maxime consectetur maiores explicabo corporis animi maxime. Aut at quae modi earum animi eum. Quam laudantium et ex non.', 199, 7, 10, '2019-09-16 05:03:09', '2019-09-16 05:03:09');
INSERT INTO `products` VALUES (8, 'alias', 'Doloremque adipisci a sunt nemo. Dolore fuga quisquam possimus vitae suscipit alias. Dolor esse dolor illo. Labore et et debitis.', 768, 7, 26, '2019-09-16 05:03:09', '2019-09-16 05:03:09');
INSERT INTO `products` VALUES (9, 'rerum', 'Totam quidem unde in tenetur. Quibusdam nulla incidunt et facilis. Voluptas consequuntur et ex occaecati corrupti nostrum. Reiciendis vitae eos est modi. Rerum cumque sit dicta exercitationem earum qui impedit iusto.', 436, 7, 22, '2019-09-16 05:03:09', '2019-09-16 05:03:09');
INSERT INTO `products` VALUES (10, 'aliquid', 'Error facere saepe aspernatur laudantium. Ipsum dolorem ratione eligendi reiciendis aut dolorem. Assumenda laborum maiores vero.', 627, 1, 27, '2019-09-16 05:03:09', '2019-09-16 05:03:09');
INSERT INTO `products` VALUES (11, 'beatae', 'Aut quis voluptate sunt ipsum enim consequuntur odio. Nihil magni optio fuga ipsa sed. Blanditiis aperiam cumque nihil sunt sunt ab harum eum. Ipsum rem molestiae voluptate autem id. Ad eaque rerum ut modi aut et dolorum.', 590, 6, 17, '2019-09-16 05:03:09', '2019-09-16 05:03:09');
INSERT INTO `products` VALUES (12, 'dolorem', 'Aliquid aspernatur ut voluptate error ex. Modi eius sit suscipit sed quia qui ut. Saepe culpa omnis minima voluptatem.', 786, 5, 19, '2019-09-16 05:03:09', '2019-09-16 05:03:09');
INSERT INTO `products` VALUES (13, 'dicta', 'Neque laboriosam vero ea veniam. Incidunt modi fuga deleniti omnis cumque vitae numquam. Ex maxime magni optio dicta deserunt. Aut ut aspernatur et dolores inventore assumenda soluta.', 550, 3, 18, '2019-09-16 05:03:09', '2019-09-16 05:03:09');
INSERT INTO `products` VALUES (14, 'vero', 'Molestiae dolorem placeat repudiandae quisquam qui aliquam et ut. Fuga dignissimos praesentium dolorem omnis aut aliquid voluptatem. Rem nesciunt totam modi et reiciendis. Ipsum explicabo laboriosam suscipit voluptatum nisi fugit.', 647, 5, 20, '2019-09-16 05:03:09', '2019-09-16 05:03:09');
INSERT INTO `products` VALUES (15, 'vitae', 'Est et sunt voluptatem tempora qui vel. Ipsa sint quaerat cum. Quaerat numquam assumenda suscipit.', 429, 6, 19, '2019-09-16 05:03:09', '2019-09-16 05:03:09');
INSERT INTO `products` VALUES (16, 'ducimus', 'Quas quasi vel quo consequatur officia atque. Soluta vel expedita nam non voluptates. Et minima assumenda quibusdam quidem autem alias nihil. Ipsum in eligendi eaque aliquam.', 600, 6, 3, '2019-09-16 05:03:09', '2019-09-16 05:03:09');
INSERT INTO `products` VALUES (17, 'iusto', 'Quam et magnam maxime expedita architecto. Sed et perspiciatis quam. Vitae debitis esse expedita sed consequatur consequatur. Omnis ex rem aut blanditiis quod non optio.', 708, 1, 21, '2019-09-16 05:03:09', '2019-09-16 05:03:09');
INSERT INTO `products` VALUES (18, 'beatae', 'Suscipit ipsa officiis quaerat dolor cum excepturi. At aperiam omnis et est ipsam. Incidunt omnis voluptatum delectus qui excepturi repellendus qui. Quisquam sint at rerum excepturi ut debitis.', 121, 2, 19, '2019-09-16 05:03:09', '2019-09-16 05:03:09');
INSERT INTO `products` VALUES (19, 'voluptatem', 'Quia aut non quos in molestiae quasi. Corrupti deleniti repellat dolorum. Qui neque soluta ut. Voluptatum hic quisquam aut.', 858, 2, 4, '2019-09-16 05:03:09', '2019-09-16 05:03:09');
INSERT INTO `products` VALUES (20, 'ut', 'Possimus et quia illo ut. Ea ut nobis et expedita neque omnis quidem est. Sunt architecto dolores error voluptatum sapiente deserunt. Sit voluptatem consectetur dolore.', 575, 2, 27, '2019-09-16 05:03:09', '2019-09-16 05:03:09');
INSERT INTO `products` VALUES (21, 'placeat', 'Optio omnis deleniti nulla vel neque. Autem maxime iste eligendi qui aliquam. Quibusdam qui sunt provident hic.', 311, 3, 7, '2019-09-16 05:03:09', '2019-09-16 05:03:09');
INSERT INTO `products` VALUES (22, 'aspernatur', 'Velit repellat perferendis impedit corrupti eos error soluta mollitia. Voluptate minima iusto sint et sit incidunt. Vel voluptatum perferendis placeat voluptas ea repudiandae error.', 481, 2, 13, '2019-09-16 05:03:09', '2019-09-16 05:03:09');
INSERT INTO `products` VALUES (23, 'sunt', 'Voluptatem ut et quibusdam in ut. Quos eaque quia qui blanditiis deserunt quis. Iure odit ut hic dolore recusandae vel odit reiciendis.', 787, 7, 29, '2019-09-16 05:03:09', '2019-09-16 05:03:09');
INSERT INTO `products` VALUES (24, 'vel', 'Et id voluptas facilis commodi voluptatem. Sit atque tempora quos nobis dicta voluptatem. Debitis vel modi quo id quisquam. Repudiandae iure natus fugit voluptas.', 579, 0, 20, '2019-09-16 05:03:09', '2019-09-16 05:03:09');
INSERT INTO `products` VALUES (25, 'autem', 'Aut doloribus ipsum delectus id voluptatem in. Corrupti et recusandae reprehenderit quia. Odit eveniet pariatur enim neque soluta tenetur. Qui culpa est et inventore quia et amet.', 723, 3, 4, '2019-09-16 05:03:09', '2019-09-16 05:03:09');
INSERT INTO `products` VALUES (26, 'totam', 'Voluptatem et enim numquam officia aliquid. Quis distinctio ab quam. Harum fuga nisi aut hic illo.', 425, 4, 14, '2019-09-16 05:03:09', '2019-09-16 05:03:09');
INSERT INTO `products` VALUES (27, 'facilis', 'Quam est labore modi eos sed. Porro fuga blanditiis voluptas. Tempora et magni rerum nihil ab. Facilis et pariatur quia quod id et.', 732, 3, 12, '2019-09-16 05:03:09', '2019-09-16 05:03:09');
INSERT INTO `products` VALUES (28, 'nostrum', 'Perferendis reprehenderit voluptatem rem ipsa non explicabo cupiditate. Commodi ullam maiores aut quod mollitia voluptatem perferendis. Cumque itaque et amet placeat vitae ipsum magni.', 324, 5, 23, '2019-09-16 05:03:09', '2019-09-16 05:03:09');
INSERT INTO `products` VALUES (29, 'voluptates', 'Qui quia ratione maxime laborum. Rerum autem dolores ut eos itaque aut et vel. Id sed sequi rerum et quis omnis id animi.', 435, 4, 28, '2019-09-16 05:03:09', '2019-09-16 05:03:09');
INSERT INTO `products` VALUES (30, 'dolore', 'Est hic dolorem quo eum modi eligendi culpa ut. Iure consequatur ut voluptates ab quis quisquam rerum. Qui libero quaerat consequatur quaerat aperiam voluptas.', 887, 7, 2, '2019-09-16 05:03:09', '2019-09-16 05:03:09');
INSERT INTO `products` VALUES (31, 'nobis', 'In eaque molestiae fugiat. Delectus veritatis maxime sit molestias ut quisquam a. Quod minus fugit dolor iure ut in vitae.', 957, 7, 13, '2019-09-16 05:03:09', '2019-09-16 05:03:09');
INSERT INTO `products` VALUES (32, 'nesciunt', 'Accusantium eos soluta iste qui pariatur. Rerum ad laudantium sunt ratione delectus distinctio. Aut ipsum accusantium quam velit non. Sint amet autem facilis in vero. Odit corporis non error minima quia dolores.', 431, 5, 29, '2019-09-16 05:03:09', '2019-09-16 05:03:09');
INSERT INTO `products` VALUES (33, 'repellat', 'Quisquam eius facilis aspernatur. Eaque est quibusdam quod id aut. Optio quis occaecati iure fugiat.', 286, 8, 13, '2019-09-16 05:03:09', '2019-09-16 05:03:09');
INSERT INTO `products` VALUES (34, 'laborum', 'Ea accusantium nostrum omnis et sit in. Et consequatur maiores veritatis id aut qui nobis. Minus iusto eos neque repellat velit ullam.', 764, 9, 17, '2019-09-16 05:03:09', '2019-09-16 05:03:09');
INSERT INTO `products` VALUES (35, 'dignissimos', 'Ullam est quia qui facilis soluta rem maxime. Perspiciatis culpa enim eligendi fugit at.', 830, 8, 2, '2019-09-16 05:03:09', '2019-09-16 05:03:09');
INSERT INTO `products` VALUES (36, 'vel', 'Sit occaecati qui labore quia recusandae harum. Est iusto laboriosam fugiat veritatis sint aut porro.', 301, 0, 14, '2019-09-16 05:03:09', '2019-09-16 05:03:09');
INSERT INTO `products` VALUES (37, 'unde', 'Cum voluptatum quibusdam velit nostrum in quas. Corporis voluptate eos iusto voluptatem quisquam. Sint est quia vitae.', 697, 3, 9, '2019-09-16 05:03:09', '2019-09-16 05:03:09');
INSERT INTO `products` VALUES (38, 'pariatur', 'Esse velit beatae ipsam dolor quia. Quia est iste architecto ut dignissimos nulla. Dolorum reiciendis rerum debitis facilis assumenda.', 877, 8, 12, '2019-09-16 05:03:09', '2019-09-16 05:03:09');
INSERT INTO `products` VALUES (39, 'accusantium', 'Ipsum ipsam doloribus minima quod voluptas inventore mollitia. Cum quis inventore in consequuntur et. Et ab quia amet nihil suscipit impedit ipsa. Exercitationem aut quia est illum illo delectus delectus. Voluptatem corrupti nisi aut deleniti minus.', 223, 6, 30, '2019-09-16 05:03:09', '2019-09-16 05:03:09');
INSERT INTO `products` VALUES (40, 'reprehenderit', 'Aut rerum perspiciatis quae ipsum ratione excepturi. Porro in consequatur dolores. Vero alias dolore aspernatur accusamus eum natus. Vitae et quod vel accusamus laborum vitae eos.', 360, 9, 2, '2019-09-16 05:03:09', '2019-09-16 05:03:09');
INSERT INTO `products` VALUES (41, 'voluptates', 'Commodi dolorem sapiente laboriosam ad dicta rerum cupiditate omnis. Dolor nesciunt sit amet placeat consequatur alias. Consequatur praesentium ea dolorem commodi quaerat consequuntur tempora ipsa. Qui nobis soluta enim.', 629, 3, 12, '2019-09-16 05:03:09', '2019-09-16 05:03:09');
INSERT INTO `products` VALUES (42, 'fugiat', 'Maiores facere similique est quasi illum debitis sapiente quas. Sint rerum adipisci praesentium earum pariatur omnis sint. Sit tenetur quo molestiae eius nemo. Ut harum non aspernatur.', 803, 8, 19, '2019-09-16 05:03:09', '2019-09-16 05:03:09');
INSERT INTO `products` VALUES (43, 'reprehenderit', 'Sapiente magni dolorum doloribus facilis dicta sit quia. Eveniet non minus qui est soluta harum vel.', 553, 4, 20, '2019-09-16 05:03:09', '2019-09-16 05:03:09');
INSERT INTO `products` VALUES (44, 'eum', 'Aperiam dolores laudantium sequi impedit praesentium saepe. Laboriosam harum officiis laudantium ducimus repudiandae. Ad impedit atque ea impedit deserunt. Quo ullam itaque qui vel esse dicta.', 455, 9, 28, '2019-09-16 05:03:09', '2019-09-16 05:03:09');
INSERT INTO `products` VALUES (45, 'ut', 'Sit est nam corrupti at recusandae. Officiis voluptatibus est ipsam corporis. Aperiam dolorem sunt eum non. Amet non culpa expedita dolores cumque.', 192, 6, 18, '2019-09-16 05:03:09', '2019-09-16 05:03:09');
INSERT INTO `products` VALUES (46, 'nihil', 'Saepe qui vel enim animi dolorem. Cupiditate veritatis consequuntur voluptatem quisquam libero nulla. Ut unde ut sapiente reprehenderit vero. Ipsum occaecati voluptate pariatur. Natus facere eaque necessitatibus.', 859, 5, 26, '2019-09-16 05:03:09', '2019-09-16 05:03:09');
INSERT INTO `products` VALUES (47, 'inventore', 'Aut eos eveniet velit ut sed eos soluta. Distinctio iste porro sapiente sed excepturi dolor molestiae. Tempora numquam dolor ipsa nam consectetur hic sint. Provident aliquam aut sapiente quia nobis.', 291, 6, 26, '2019-09-16 05:03:09', '2019-09-16 05:03:09');
INSERT INTO `products` VALUES (48, 'optio', 'Fugiat quibusdam repellendus rem. Voluptatum debitis esse id magni quod. Voluptatem ipsam numquam consequatur veritatis ea nihil omnis.', 706, 8, 15, '2019-09-16 05:03:09', '2019-09-16 05:03:09');
INSERT INTO `products` VALUES (49, 'qui', 'Et tempora autem dolores expedita itaque libero natus perspiciatis. Dolorum harum qui voluptatum ratione blanditiis modi. Dicta suscipit aspernatur ullam vel.', 909, 6, 27, '2019-09-16 05:03:09', '2019-09-16 05:03:09');
INSERT INTO `products` VALUES (50, 'ullam', 'Eos omnis est est ut facere nihil voluptatem. Error dolores atque in magni iure aliquam quibusdam maiores. Eum est deserunt ut et vitae molestiae. Magni aspernatur deleniti beatae explicabo et at eos. Sunt quidem voluptas in eos eaque ut.', 802, 6, 4, '2019-09-16 05:03:09', '2019-09-16 05:03:09');
COMMIT;

-- ----------------------------
-- Table structure for reviews
-- ----------------------------
DROP TABLE IF EXISTS `reviews`;
CREATE TABLE `reviews` (
  `id` int(10) unsigned NOT NULL AUTO_INCREMENT,
  `product_id` int(10) unsigned NOT NULL,
  `customer` varchar(255) COLLATE utf8mb4_unicode_ci NOT NULL,
  `review` text COLLATE utf8mb4_unicode_ci NOT NULL,
  `star` int(11) NOT NULL,
  `created_at` timestamp NULL DEFAULT NULL,
  `updated_at` timestamp NULL DEFAULT NULL,
  PRIMARY KEY (`id`),
  KEY `reviews_product_id_index` (`product_id`),
  CONSTRAINT `reviews_product_id_foreign` FOREIGN KEY (`product_id`) REFERENCES `products` (`id`) ON DELETE CASCADE
) ENGINE=InnoDB AUTO_INCREMENT=301 DEFAULT CHARSET=utf8mb4 COLLATE=utf8mb4_unicode_ci;

-- ----------------------------
-- Records of reviews
-- ----------------------------
BEGIN;
INSERT INTO `reviews` VALUES (1, 25, 'Adelbert Brown', 'Dolor totam amet vel placeat fugit. Doloribus fugiat aspernatur qui accusamus nesciunt ut aperiam modi. Id et aspernatur nihil iusto numquam. Rerum ut doloremque amet veniam quis commodi.', 2, '2019-09-16 05:03:42', '2019-09-16 05:03:42');
INSERT INTO `reviews` VALUES (2, 12, 'Dan Kiehn', 'Quasi reprehenderit vel natus inventore ut molestiae nihil. Quia quisquam temporibus dignissimos quia ducimus. Laboriosam similique iste praesentium cum. Aut corporis officiis ipsum minus laboriosam sunt consequatur.', 3, '2019-09-16 05:03:42', '2019-09-16 05:03:42');
INSERT INTO `reviews` VALUES (3, 18, 'Mr. Cruz Cronin', 'Maxime et cum et aspernatur itaque excepturi. Aut doloremque in voluptatem sit. Qui esse qui reiciendis dolores. Quis quia corrupti eum quia sit facilis sequi.', 1, '2019-09-16 05:03:42', '2019-09-16 05:03:42');
INSERT INTO `reviews` VALUES (4, 24, 'Ms. Carmela Waelchi', 'Facere quasi autem voluptatem ipsum odio ad. Modi consectetur et et vitae. Maiores sapiente harum rerum doloribus. Velit numquam ut et.', 3, '2019-09-16 05:03:42', '2019-09-16 05:03:42');
INSERT INTO `reviews` VALUES (5, 2, 'Rashad Hamill', 'Ipsa cumque quas dolore iure voluptatem. Quos iusto doloribus sit aspernatur praesentium voluptatum eos.', 4, '2019-09-16 05:03:42', '2019-09-16 05:03:42');
INSERT INTO `reviews` VALUES (6, 34, 'Clair Conn', 'Sed quae voluptas quisquam tempora. Ut assumenda modi mollitia. Ipsum magnam praesentium ut repudiandae optio nemo.', 3, '2019-09-16 05:03:42', '2019-09-16 05:03:42');
INSERT INTO `reviews` VALUES (7, 27, 'Elna Stokes', 'Quisquam maxime quidem ab quia. Vero quia adipisci commodi unde aperiam. Pariatur delectus magnam rerum pariatur incidunt. Quis ut modi aspernatur aut totam nisi molestias.', 4, '2019-09-16 05:03:42', '2019-09-16 05:03:42');
INSERT INTO `reviews` VALUES (8, 31, 'Wyatt Reynolds', 'Voluptas occaecati quis voluptatem quis non. Et nemo expedita illo. Voluptates dicta neque provident voluptas aut aut minus.', 3, '2019-09-16 05:03:42', '2019-09-16 05:03:42');
INSERT INTO `reviews` VALUES (9, 10, 'Prof. Marcelle O\'Kon', 'Id omnis minima rerum ab non et quia. Omnis accusantium sapiente exercitationem aut.', 1, '2019-09-16 05:03:42', '2019-09-16 05:03:42');
INSERT INTO `reviews` VALUES (10, 7, 'Reta Leuschke DVM', 'Quia facere labore qui praesentium voluptatem qui non. Consectetur qui laborum aliquid nobis velit. Iure molestiae repudiandae culpa architecto repellat quo. Et nihil et pariatur nesciunt.', 5, '2019-09-16 05:03:42', '2019-09-16 05:03:42');
INSERT INTO `reviews` VALUES (11, 49, 'Valerie Wilderman', 'Voluptatibus eligendi nostrum sit qui id illo vitae. Numquam porro reiciendis ullam possimus nobis rerum nam. Eius unde dicta illo rerum sed unde. Nemo iste ut dolores.', 1, '2019-09-16 05:03:42', '2019-09-16 05:03:42');
INSERT INTO `reviews` VALUES (12, 42, 'Connie Upton PhD', 'Eos at deleniti libero ut maxime id iste molestiae. Laboriosam alias eum voluptatem consequatur enim. A sed harum autem voluptates aut quam voluptatem. Maiores dolores est sint et.', 4, '2019-09-16 05:03:42', '2019-09-16 05:03:42');
INSERT INTO `reviews` VALUES (13, 30, 'Dr. Clyde Carroll', 'Amet et cupiditate enim quia aperiam. Doloribus fugiat esse autem dolore. Sed vitae et quod nesciunt eum quis. Sit vel ut totam.', 5, '2019-09-16 05:03:42', '2019-09-16 05:03:42');
INSERT INTO `reviews` VALUES (14, 2, 'Nicolette Mann', 'Qui tempore alias sint quia fugit ea. Consequatur unde tenetur accusantium natus. Sit provident ipsum sapiente assumenda minus inventore quasi. Veritatis velit et velit rem corporis. Repellendus veniam ab et ipsam aut aliquam qui.', 5, '2019-09-16 05:03:42', '2019-09-16 05:03:42');
INSERT INTO `reviews` VALUES (15, 39, 'Eladio Moore', 'Provident maxime est non dolores provident. Et ipsum recusandae corporis minima. Quia distinctio et dolor sint dolorum id. Distinctio facere at est voluptatem.', 5, '2019-09-16 05:03:42', '2019-09-16 05:03:42');
INSERT INTO `reviews` VALUES (16, 31, 'Mavis Cronin', 'Ex voluptatem nobis saepe omnis. Non corporis tempora doloribus voluptas. Sit nihil tenetur excepturi iste et. Cupiditate officia veniam vel mollitia quae.', 0, '2019-09-16 05:03:42', '2019-09-16 05:03:42');
INSERT INTO `reviews` VALUES (17, 44, 'Prof. Antonina McDermott', 'Culpa nisi velit ipsam aperiam praesentium. Minima illum porro consequatur vitae quae. Qui iusto sint ut voluptate voluptate.', 4, '2019-09-16 05:03:42', '2019-09-16 05:03:42');
INSERT INTO `reviews` VALUES (18, 7, 'Ms. Mathilde Gorczany MD', 'Ut error autem alias placeat deleniti fugiat hic. Sunt minima laboriosam voluptas aut neque. Enim nisi minus sint ea quis minima totam.', 3, '2019-09-16 05:03:42', '2019-09-16 05:03:42');
INSERT INTO `reviews` VALUES (19, 43, 'Ms. Antonette Emmerich PhD', 'Quia dolores consectetur provident accusamus. Vel nihil aut est dolorem maiores alias sit. Ut debitis voluptate architecto molestiae. Mollitia odit vitae consectetur.', 0, '2019-09-16 05:03:42', '2019-09-16 05:03:42');
INSERT INTO `reviews` VALUES (20, 36, 'Ms. Marilie Crooks II', 'Id occaecati officia placeat soluta ipsa quis sit. Sed eum quasi inventore id aut porro. Quos consequatur temporibus qui illo nihil.', 5, '2019-09-16 05:03:42', '2019-09-16 05:03:42');
INSERT INTO `reviews` VALUES (21, 38, 'Flavie Gerhold', 'Sit sapiente voluptatem ut. Facilis qui necessitatibus omnis vel ut eum et. Eum enim dicta quam et minima cumque.', 1, '2019-09-16 05:03:42', '2019-09-16 05:03:42');
INSERT INTO `reviews` VALUES (22, 34, 'Arvilla Skiles', 'Voluptatem explicabo laudantium sunt. Aperiam ratione qui excepturi fugiat et at. Quis voluptatem dolorem voluptatem iure.', 4, '2019-09-16 05:03:42', '2019-09-16 05:03:42');
INSERT INTO `reviews` VALUES (23, 10, 'Brent Franecki', 'Libero aut eveniet vitae neque in itaque autem beatae. Illo rem dolorem quas unde. Molestiae ducimus et distinctio. Enim ad dolorem veritatis facilis pariatur.', 1, '2019-09-16 05:03:42', '2019-09-16 05:03:42');
INSERT INTO `reviews` VALUES (24, 10, 'Beatrice Bernier', 'Cumque provident vero repellendus vel et. Deleniti rem sint dolor distinctio perferendis quasi quidem. Dicta corporis corrupti in omnis ea consequatur dolor.', 0, '2019-09-16 05:03:42', '2019-09-16 05:03:42');
INSERT INTO `reviews` VALUES (25, 29, 'Prof. Casimer Jakubowski V', 'Qui voluptas nostrum qui qui qui. Fugit velit accusantium aut voluptas cumque reiciendis.', 2, '2019-09-16 05:03:42', '2019-09-16 05:03:42');
INSERT INTO `reviews` VALUES (26, 10, 'Donny Boyer', 'Rem aut et eius aperiam eum vel quasi quia. Dolor ea dolores voluptatibus. Voluptas vel omnis repellendus. Amet unde deserunt itaque quis ut occaecati voluptatem.', 4, '2019-09-16 05:03:42', '2019-09-16 05:03:42');
INSERT INTO `reviews` VALUES (27, 19, 'Torrance Orn', 'Quod enim ipsa nihil officia. Officiis quia aut ut minus et dolore repellat.', 2, '2019-09-16 05:03:42', '2019-09-16 05:03:42');
INSERT INTO `reviews` VALUES (28, 14, 'Okey Lockman MD', 'Sapiente fuga quasi ut eos tempora. Voluptatem accusamus ut et possimus earum. Qui ut molestias et nostrum laboriosam laborum. Eos corporis deleniti minima nostrum distinctio est pariatur. Corrupti fugit ut necessitatibus id velit aut porro.', 5, '2019-09-16 05:03:42', '2019-09-16 05:03:42');
INSERT INTO `reviews` VALUES (29, 24, 'Taryn Kreiger', 'Aperiam qui quibusdam sint quia. Atque sit maiores est magni quas fugit. Eum ad doloribus facilis vitae.', 0, '2019-09-16 05:03:42', '2019-09-16 05:03:42');
INSERT INTO `reviews` VALUES (30, 45, 'Boris Wunsch', 'Rerum et sapiente itaque. Qui eligendi ut assumenda repellendus dolor inventore facere nobis. Deserunt eligendi doloribus dolor ex omnis. Consequatur et qui sunt enim eos id velit quos.', 1, '2019-09-16 05:03:42', '2019-09-16 05:03:42');
INSERT INTO `reviews` VALUES (31, 41, 'Athena Gottlieb DVM', 'Itaque corrupti molestias deserunt quaerat sequi libero. Consequuntur perspiciatis quibusdam vel vitae quo deleniti. Maiores soluta cupiditate reprehenderit sint neque aut. Error provident in sequi nihil qui nemo vel. Quia maxime ipsam id.', 2, '2019-09-16 05:03:42', '2019-09-16 05:03:42');
INSERT INTO `reviews` VALUES (32, 28, 'Prof. Jarrett Wisoky MD', 'Blanditiis qui minima suscipit sapiente rem qui nulla. Error ullam quos ullam voluptas pariatur quo. Maxime vel atque facere quae qui et temporibus. Architecto est pariatur in eum ad non porro. Beatae voluptas id ea labore.', 4, '2019-09-16 05:03:42', '2019-09-16 05:03:42');
INSERT INTO `reviews` VALUES (33, 50, 'Prof. Hunter Kutch II', 'Minus dolorem ut cumque hic. Perferendis id quis atque voluptatibus nemo nesciunt quod. Aliquam amet at aut ut ullam quidem illo.', 2, '2019-09-16 05:03:42', '2019-09-16 05:03:42');
INSERT INTO `reviews` VALUES (34, 44, 'Gustave Johnston', 'Id quo reiciendis eos vel ducimus est et iste. Animi minus non in culpa exercitationem. Asperiores maxime nihil aliquid qui adipisci.', 2, '2019-09-16 05:03:42', '2019-09-16 05:03:42');
INSERT INTO `reviews` VALUES (35, 13, 'Miss Kyra Weber I', 'Aliquam iure eius non voluptatum. Porro culpa in officiis sit. Sunt quo architecto enim eos qui aut id et. Autem ex in qui repudiandae sit dolorum natus.', 1, '2019-09-16 05:03:42', '2019-09-16 05:03:42');
INSERT INTO `reviews` VALUES (36, 9, 'Scottie West', 'Omnis quam earum aliquam provident optio eum. Quis ipsam in commodi dignissimos. At temporibus provident esse.', 0, '2019-09-16 05:03:42', '2019-09-16 05:03:42');
INSERT INTO `reviews` VALUES (37, 39, 'Casandra Kutch', 'Suscipit praesentium rerum ut illum at nulla. Eaque natus dolore quaerat hic ducimus voluptates quod amet.', 3, '2019-09-16 05:03:42', '2019-09-16 05:03:42');
INSERT INTO `reviews` VALUES (38, 47, 'Meghan Turcotte', 'Assumenda et quasi doloribus cumque. Velit sint sit sed non. Et aperiam a nobis qui dignissimos quis excepturi porro. Explicabo quas voluptatibus consequatur aut ut odio. Blanditiis voluptas totam laborum voluptates ut dolorem aperiam.', 3, '2019-09-16 05:03:42', '2019-09-16 05:03:42');
INSERT INTO `reviews` VALUES (39, 50, 'Bryana Bosco IV', 'Dolorum repellendus eos sunt perspiciatis odio quibusdam placeat. Est perferendis aut similique quia. Officia recusandae occaecati modi deserunt error qui.', 0, '2019-09-16 05:03:42', '2019-09-16 05:03:42');
INSERT INTO `reviews` VALUES (40, 50, 'Prof. Danial Murray DDS', 'Occaecati totam voluptate eaque quod est. Aut voluptas unde illo eligendi quis accusamus. Exercitationem molestiae dicta perferendis ab et rerum quia qui. Assumenda earum omnis recusandae quas ut ullam.', 0, '2019-09-16 05:03:42', '2019-09-16 05:03:42');
INSERT INTO `reviews` VALUES (41, 9, 'Sincere Baumbach', 'Est voluptas dolor velit cumque sit eius corporis. Autem deleniti repudiandae sit aut voluptatum maxime. Vel dolore fugit illo quis et accusantium. Quam tenetur perspiciatis voluptatibus placeat alias labore ea.', 2, '2019-09-16 05:03:42', '2019-09-16 05:03:42');
INSERT INTO `reviews` VALUES (42, 42, 'Prof. Kay Bernier PhD', 'Dicta vel rerum est deserunt. Laborum quos quia hic repellendus voluptas provident. Quidem quas eum nam blanditiis. Aliquam cumque ea saepe.', 5, '2019-09-16 05:03:42', '2019-09-16 05:03:42');
INSERT INTO `reviews` VALUES (43, 13, 'Prof. Steve Fadel Sr.', 'Blanditiis ipsam sequi esse fugiat et deserunt. Sit fuga est dolorum iusto optio. Voluptatum odio pariatur nisi id. Quibusdam esse omnis hic ut est. Eligendi eaque totam aliquam quod doloremque architecto aut sed.', 2, '2019-09-16 05:03:42', '2019-09-16 05:03:42');
INSERT INTO `reviews` VALUES (44, 29, 'Dr. Tremaine Ritchie', 'Aliquid ut non ut a officiis quam. Praesentium assumenda culpa quibusdam. Nostrum quaerat voluptas a velit est vel.', 4, '2019-09-16 05:03:42', '2019-09-16 05:03:42');
INSERT INTO `reviews` VALUES (45, 31, 'Alexys Harber II', 'Est voluptas velit ea in excepturi quidem. Quasi non tempore culpa rerum minus repudiandae. Aut adipisci nam vitae ex et expedita harum.', 4, '2019-09-16 05:03:42', '2019-09-16 05:03:42');
INSERT INTO `reviews` VALUES (46, 7, 'Ewald Kuphal', 'Corporis sunt necessitatibus et. Quod rem asperiores assumenda voluptatem. Eum non distinctio voluptatem. Repudiandae atque ad dolores vitae repellendus et non.', 2, '2019-09-16 05:03:42', '2019-09-16 05:03:42');
INSERT INTO `reviews` VALUES (47, 34, 'Prof. Alvis Haley', 'Quia architecto debitis ipsam iste saepe. Dignissimos assumenda officia nisi quisquam. Non et recusandae consequatur praesentium facere. Sunt dolor assumenda dolorem dolorem ut velit.', 4, '2019-09-16 05:03:42', '2019-09-16 05:03:42');
INSERT INTO `reviews` VALUES (48, 11, 'Kristin Hegmann', 'Numquam animi ab ducimus quia. Enim doloribus ut quia quaerat ab eum dolores. Iusto ut assumenda laborum quia ut neque.', 3, '2019-09-16 05:03:42', '2019-09-16 05:03:42');
INSERT INTO `reviews` VALUES (49, 44, 'Prof. Bertram Schimmel DVM', 'Et numquam est expedita optio odio dolor. Labore quam maiores rem eum ut et. Et deleniti quis quod cum eum sunt exercitationem at. Illo et omnis quam.', 2, '2019-09-16 05:03:42', '2019-09-16 05:03:42');
INSERT INTO `reviews` VALUES (50, 18, 'Ally Kihn', 'Voluptas magnam est qui quod nisi aut. Similique neque voluptatem a similique.', 0, '2019-09-16 05:03:42', '2019-09-16 05:03:42');
INSERT INTO `reviews` VALUES (51, 39, 'Elroy King Sr.', 'Ad quos ut minus rerum. Sit veritatis recusandae qui incidunt. Voluptates qui impedit eum et explicabo autem et error. Ut unde qui architecto earum.', 3, '2019-09-16 05:03:42', '2019-09-16 05:03:42');
INSERT INTO `reviews` VALUES (52, 5, 'Prof. Carey Pouros II', 'Cum laborum deleniti et possimus iste fugiat nemo. Et architecto error nesciunt enim dolores non. Ullam beatae molestiae corrupti rerum quasi.', 1, '2019-09-16 05:03:42', '2019-09-16 05:03:42');
INSERT INTO `reviews` VALUES (53, 50, 'Ms. Aaliyah Carroll III', 'Velit nisi inventore autem beatae cumque aperiam. Voluptatem possimus dolor perspiciatis quo dolorum. Voluptatem totam assumenda et voluptatem quas. Pariatur et non voluptatem est asperiores.', 0, '2019-09-16 05:03:42', '2019-09-16 05:03:42');
INSERT INTO `reviews` VALUES (54, 9, 'Sandy Abbott III', 'Pariatur minus aut quam enim recusandae autem facilis accusamus. Ipsa corrupti voluptatem sint accusantium exercitationem. Iure soluta in asperiores vel. Id nulla ut nihil sit et. Sed quae sequi commodi deleniti.', 0, '2019-09-16 05:03:42', '2019-09-16 05:03:42');
INSERT INTO `reviews` VALUES (55, 19, 'Mr. Justice Terry I', 'Assumenda expedita voluptates dolorem sed ut. Cumque soluta est omnis earum et.', 1, '2019-09-16 05:03:42', '2019-09-16 05:03:42');
INSERT INTO `reviews` VALUES (56, 28, 'Jennyfer Erdman', 'Magnam molestias beatae et consequatur qui consequatur saepe. Ipsam quia commodi totam maiores consequatur. Deserunt exercitationem consequatur maiores repudiandae.', 2, '2019-09-16 05:03:42', '2019-09-16 05:03:42');
INSERT INTO `reviews` VALUES (57, 23, 'Nick Johnson', 'Vel id sit eos ut adipisci voluptatem quidem quam. Sequi tenetur minus consequatur quibusdam. Laborum esse sed et nostrum. Sed et ut id consequuntur.', 3, '2019-09-16 05:03:42', '2019-09-16 05:03:42');
INSERT INTO `reviews` VALUES (58, 12, 'Mr. Reynold Ritchie', 'Eligendi id neque voluptatem sit. Repudiandae magni necessitatibus aut non. Odio vero dolor dicta deserunt exercitationem voluptas.', 1, '2019-09-16 05:03:42', '2019-09-16 05:03:42');
INSERT INTO `reviews` VALUES (59, 42, 'Dr. Mike Bergnaum', 'Ullam et magni aut vitae aut cumque. Ut provident hic dolore iste quam repudiandae voluptatem. Officia est aut delectus. Voluptates quis non qui labore nemo veritatis aut. Itaque at blanditiis consequuntur voluptatem.', 4, '2019-09-16 05:03:42', '2019-09-16 05:03:42');
INSERT INTO `reviews` VALUES (60, 49, 'Minerva Schroeder', 'Ullam at quisquam vitae suscipit libero esse vero. Non ut perspiciatis itaque. Repellat cupiditate hic eum est laboriosam.', 3, '2019-09-16 05:03:42', '2019-09-16 05:03:42');
INSERT INTO `reviews` VALUES (61, 6, 'Miss Rosalinda Langosh IV', 'Distinctio aut cupiditate vitae mollitia sint. Magni facilis voluptatem quia exercitationem doloremque. Voluptas dolores tempora nihil. Sapiente sit dolorum corrupti ex.', 0, '2019-09-16 05:03:42', '2019-09-16 05:03:42');
INSERT INTO `reviews` VALUES (62, 22, 'Prof. Casandra Grimes', 'Quo aut assumenda ipsam ut. Sit eum quam eos est praesentium. Voluptates dolore optio incidunt et provident.', 2, '2019-09-16 05:03:42', '2019-09-16 05:03:42');
INSERT INTO `reviews` VALUES (63, 22, 'Ruben Hauck III', 'Minima id impedit alias aut in. Tenetur rem laborum omnis voluptates iste. Aut sit neque a facilis quia accusamus recusandae quos.', 0, '2019-09-16 05:03:42', '2019-09-16 05:03:42');
INSERT INTO `reviews` VALUES (64, 4, 'Ms. Cindy Hoeger PhD', 'Praesentium quis voluptatem voluptatem hic deserunt ipsam expedita. Ut libero qui nihil fuga qui. Quis delectus consequatur et nam quis. Incidunt eum debitis qui tempore. Reprehenderit repellendus ratione eum laudantium aut ea.', 1, '2019-09-16 05:03:42', '2019-09-16 05:03:42');
INSERT INTO `reviews` VALUES (65, 30, 'Assunta Runolfsson', 'Error nihil corporis debitis enim. Aut facere tenetur dignissimos. Eius debitis itaque fugit ut omnis adipisci non.', 4, '2019-09-16 05:03:42', '2019-09-16 05:03:42');
INSERT INTO `reviews` VALUES (66, 45, 'Marietta Konopelski', 'Magni soluta atque voluptas et cupiditate expedita. Minus incidunt neque velit vero voluptatem. Dolores et soluta voluptatibus quibusdam aspernatur non laborum. Cupiditate eaque adipisci a libero dolorum. Commodi illum ut qui libero illo quasi explicabo.', 4, '2019-09-16 05:03:42', '2019-09-16 05:03:42');
INSERT INTO `reviews` VALUES (67, 50, 'Jabari Rogahn', 'Vero et autem maxime autem et architecto. Et exercitationem et consequatur ut. Voluptatem ex autem aut quod id sapiente omnis. Odit natus est ab omnis repudiandae sed eum.', 1, '2019-09-16 05:03:42', '2019-09-16 05:03:42');
INSERT INTO `reviews` VALUES (68, 28, 'Misael Homenick I', 'Eos excepturi nulla distinctio. Blanditiis autem et occaecati architecto rem. A fuga nostrum facere veniam non quod. Doloremque vero officia amet unde consequatur aliquam.', 4, '2019-09-16 05:03:42', '2019-09-16 05:03:42');
INSERT INTO `reviews` VALUES (69, 2, 'Maudie Dickinson', 'Eveniet error est quod. Suscipit dolorum ullam voluptatem quam ducimus. Consequatur impedit repudiandae aut aut amet aut.', 4, '2019-09-16 05:03:42', '2019-09-16 05:03:42');
INSERT INTO `reviews` VALUES (70, 23, 'Taryn Heller', 'Magni cum doloremque voluptatibus. Aspernatur qui aut asperiores sunt porro. Exercitationem modi unde eos.', 2, '2019-09-16 05:03:42', '2019-09-16 05:03:42');
INSERT INTO `reviews` VALUES (71, 16, 'Eliza Wuckert', 'Dolor laborum et adipisci enim. Voluptas cupiditate perspiciatis praesentium nihil qui hic eligendi. Molestiae sunt voluptatem cupiditate libero dolores neque.', 4, '2019-09-16 05:03:42', '2019-09-16 05:03:42');
INSERT INTO `reviews` VALUES (72, 47, 'Ms. Cierra Predovic', 'Omnis consequatur libero unde velit ea aut odio. Quae nihil beatae est soluta sed quis hic.', 0, '2019-09-16 05:03:42', '2019-09-16 05:03:42');
INSERT INTO `reviews` VALUES (73, 43, 'Prof. Eve Greenfelder', 'Vel ratione doloribus qui et vero. Rerum dolor reprehenderit autem est. Omnis nam quia nostrum et fugit fuga commodi ut. Explicabo nihil aut dolores doloribus.', 3, '2019-09-16 05:03:42', '2019-09-16 05:03:42');
INSERT INTO `reviews` VALUES (74, 43, 'Madelyn Hills PhD', 'Vel in enim et. Fuga et earum dolores consectetur recusandae. Ipsa animi quidem sint aspernatur architecto provident.', 2, '2019-09-16 05:03:42', '2019-09-16 05:03:42');
INSERT INTO `reviews` VALUES (75, 50, 'Dr. Rhiannon Bartoletti IV', 'Laborum non atque est ut delectus facilis. Velit consequuntur ut amet delectus modi. Reiciendis odio cupiditate et et qui.', 5, '2019-09-16 05:03:42', '2019-09-16 05:03:42');
INSERT INTO `reviews` VALUES (76, 39, 'Dr. Preston Schaefer II', 'Cum doloribus distinctio quo et est placeat. Eveniet maxime quos est doloribus nostrum labore.', 2, '2019-09-16 05:03:42', '2019-09-16 05:03:42');
INSERT INTO `reviews` VALUES (77, 10, 'Louisa Morar II', 'Id voluptates eveniet reprehenderit et eos quo occaecati. Ea ut ipsa omnis unde necessitatibus omnis.', 3, '2019-09-16 05:03:42', '2019-09-16 05:03:42');
INSERT INTO `reviews` VALUES (78, 5, 'Trystan Deckow', 'Delectus dolorem ipsam quod magnam vel qui unde. Fuga sed est et. Ut qui ab accusamus ea sunt blanditiis iure. Numquam ex dolorem voluptatibus sit cupiditate aut cupiditate.', 2, '2019-09-16 05:03:42', '2019-09-16 05:03:42');
INSERT INTO `reviews` VALUES (79, 4, 'Dr. Josue Roob III', 'Ex perferendis et et ratione rerum. Facere sit ipsum temporibus magnam aspernatur. Consectetur voluptatum aut maiores tempore voluptatem et animi rerum.', 0, '2019-09-16 05:03:42', '2019-09-16 05:03:42');
INSERT INTO `reviews` VALUES (80, 7, 'Mr. Roman Monahan II', 'Consequuntur rem doloribus qui similique. Rerum ut quibusdam earum aut et dolorem. Vero optio impedit cumque natus repellat. Ut autem quisquam maxime asperiores officia dicta dolorem.', 1, '2019-09-16 05:03:42', '2019-09-16 05:03:42');
INSERT INTO `reviews` VALUES (81, 47, 'Jan Herman', 'Aut quaerat excepturi nostrum aperiam voluptatem cumque rerum. Iste sunt voluptatem quia temporibus voluptas. Et ut non voluptatibus nihil veritatis. Unde praesentium iure non inventore quia.', 4, '2019-09-16 05:03:42', '2019-09-16 05:03:42');
INSERT INTO `reviews` VALUES (82, 30, 'Meredith Robel', 'Sunt repudiandae repudiandae aut vitae ut voluptates magnam. Exercitationem nemo ut voluptas dolores iste. Omnis excepturi iusto blanditiis impedit nam.', 5, '2019-09-16 05:03:42', '2019-09-16 05:03:42');
INSERT INTO `reviews` VALUES (83, 15, 'Prof. Heaven Streich', 'Numquam sed voluptas sunt modi et. Ad velit temporibus illo ipsam. Vitae praesentium natus repudiandae commodi ex libero non. Ut et labore sit architecto reprehenderit voluptatem.', 4, '2019-09-16 05:03:42', '2019-09-16 05:03:42');
INSERT INTO `reviews` VALUES (84, 36, 'Dr. Coty Lehner', 'Earum animi iure soluta quam. Enim odit autem est aut exercitationem. Tempora illo harum non odio alias nisi mollitia.', 1, '2019-09-16 05:03:42', '2019-09-16 05:03:42');
INSERT INTO `reviews` VALUES (85, 7, 'Ian Miller', 'Minus rerum quia est minus alias occaecati est. Atque officiis non alias ex fugit voluptate. Dolores hic sunt deleniti eaque eum qui vel aliquid. Repellendus dolorem possimus neque quia.', 2, '2019-09-16 05:03:42', '2019-09-16 05:03:42');
INSERT INTO `reviews` VALUES (86, 39, 'Molly Abshire', 'Magni sed possimus aut rerum quisquam eos. Nihil necessitatibus eligendi quasi nisi aut. Voluptas non autem repellendus sit. Dolorem est quasi quo officia deserunt.', 1, '2019-09-16 05:03:42', '2019-09-16 05:03:42');
INSERT INTO `reviews` VALUES (87, 48, 'Lavonne Wolf', 'Sint nostrum sit architecto dolor. Eius sequi qui rem quam ipsum. Odio voluptatibus non ratione repellat animi.', 1, '2019-09-16 05:03:42', '2019-09-16 05:03:42');
INSERT INTO `reviews` VALUES (88, 36, 'Cole Hilpert DDS', 'Voluptas sed molestiae porro. Dolorem est blanditiis consectetur saepe ullam eaque. Deserunt iure mollitia libero ab non occaecati. In reprehenderit debitis vel pariatur porro.', 0, '2019-09-16 05:03:42', '2019-09-16 05:03:42');
INSERT INTO `reviews` VALUES (89, 7, 'Mr. Paolo Thiel', 'Quibusdam est corporis dolorem dolorem corrupti et. Laborum rerum officia quam inventore. Nostrum enim ut sapiente animi quos ipsam.', 4, '2019-09-16 05:03:42', '2019-09-16 05:03:42');
INSERT INTO `reviews` VALUES (90, 11, 'Meggie Waters', 'Nemo non dolore dolorem mollitia dolores. Qui qui itaque aut eligendi cupiditate animi dolore. Laboriosam adipisci assumenda rerum ullam at qui debitis.', 0, '2019-09-16 05:03:42', '2019-09-16 05:03:42');
INSERT INTO `reviews` VALUES (91, 29, 'Royal Kreiger', 'Deserunt magnam enim voluptas nobis. Voluptatem a rerum hic et deserunt. Minus ea distinctio omnis placeat et. Minima est rem dolores eos.', 5, '2019-09-16 05:03:42', '2019-09-16 05:03:42');
INSERT INTO `reviews` VALUES (92, 15, 'Myrtice Grant', 'Ut ut sit nostrum vel. Aut culpa in asperiores qui. Voluptas asperiores soluta quidem nobis velit.', 4, '2019-09-16 05:03:42', '2019-09-16 05:03:42');
INSERT INTO `reviews` VALUES (93, 15, 'Mr. Jimmy McLaughlin V', 'Fugit voluptatem error fugit facere non. Excepturi aut earum perspiciatis et magni fugit explicabo.', 3, '2019-09-16 05:03:42', '2019-09-16 05:03:42');
INSERT INTO `reviews` VALUES (94, 45, 'Dianna Hintz', 'Quod ducimus deleniti vitae voluptatem. Quod dolorem ea qui in. Necessitatibus ducimus delectus similique laborum.', 5, '2019-09-16 05:03:42', '2019-09-16 05:03:42');
INSERT INTO `reviews` VALUES (95, 21, 'Dayna Schaefer', 'In voluptatibus doloremque aut aliquam perferendis mollitia nihil sed. Enim qui eos dolores fugiat.', 3, '2019-09-16 05:03:42', '2019-09-16 05:03:42');
INSERT INTO `reviews` VALUES (96, 10, 'Albina Jacobi', 'Aut accusamus doloremque atque porro soluta quod iste laudantium. Nostrum dolorem necessitatibus ut. Voluptatem natus inventore amet magnam fugit eos officiis. Voluptas doloribus quo placeat rerum sequi.', 1, '2019-09-16 05:03:42', '2019-09-16 05:03:42');
INSERT INTO `reviews` VALUES (97, 29, 'Tevin Padberg', 'Molestiae dicta vitae officiis. Vitae consequatur aut nihil eum nobis aut aperiam. Hic totam at veniam.', 4, '2019-09-16 05:03:42', '2019-09-16 05:03:42');
INSERT INTO `reviews` VALUES (98, 32, 'Electa Littel', 'Voluptatem rerum vel sint facere atque repellat nihil nihil. Ut eum et natus voluptates itaque voluptatum facere dicta. Mollitia hic voluptas doloribus magnam voluptas et.', 4, '2019-09-16 05:03:42', '2019-09-16 05:03:42');
INSERT INTO `reviews` VALUES (99, 22, 'Prof. Adriel Marks', 'Itaque quas aut eveniet dolores voluptas repudiandae. Quia dolor voluptatem animi amet impedit cum. Et qui debitis porro et omnis. Dolor quo et et accusantium dignissimos consequatur amet.', 1, '2019-09-16 05:03:42', '2019-09-16 05:03:42');
INSERT INTO `reviews` VALUES (100, 1, 'Diana Roberts', 'Quidem sunt doloremque doloribus voluptatum soluta et dicta. Ut ullam animi sed recusandae perspiciatis et. Provident veniam qui aut nesciunt porro facere officia. Unde quisquam reprehenderit tempore velit nisi.', 1, '2019-09-16 05:03:42', '2019-09-16 05:03:42');
INSERT INTO `reviews` VALUES (101, 45, 'Miss Shanelle Morissette', 'Temporibus ut sunt aut. Impedit explicabo nam ut asperiores. Sapiente occaecati quia autem ratione fugiat modi inventore. Et vitae cupiditate facere ad delectus.', 5, '2019-09-16 05:03:42', '2019-09-16 05:03:42');
INSERT INTO `reviews` VALUES (102, 39, 'Mrs. Sydnie Heller V', 'Quis sed numquam numquam reprehenderit magnam. Iure dolorem sit ea veniam iusto cumque.', 1, '2019-09-16 05:03:42', '2019-09-16 05:03:42');
INSERT INTO `reviews` VALUES (103, 48, 'Gregorio Mayer', 'Magnam assumenda quae iste. Nisi amet facere et dicta ipsum recusandae aperiam. Architecto minima architecto aliquid ab dolor.', 2, '2019-09-16 05:03:42', '2019-09-16 05:03:42');
INSERT INTO `reviews` VALUES (104, 18, 'Connie Blick DDS', 'Quis tempore qui quo dolorum maxime. Sunt voluptatem impedit sit reiciendis incidunt laborum. Aliquam inventore doloribus ut voluptas occaecati repellendus libero. Corporis quos vero laudantium eum labore possimus.', 0, '2019-09-16 05:03:42', '2019-09-16 05:03:42');
INSERT INTO `reviews` VALUES (105, 49, 'Chad Brekke', 'Quia libero quos omnis optio sunt quis. Sit necessitatibus enim ut minima. Quis ut labore perspiciatis aut id rem. Ut dolorum voluptatem deserunt impedit.', 0, '2019-09-16 05:03:42', '2019-09-16 05:03:42');
INSERT INTO `reviews` VALUES (106, 4, 'Mr. Cooper Keeling', 'Aut laborum quos nihil rerum. Optio ut velit odit illum. Voluptatem cumque exercitationem aperiam ut ad.', 0, '2019-09-16 05:03:42', '2019-09-16 05:03:42');
INSERT INTO `reviews` VALUES (107, 13, 'Novella Bernhard', 'Quibusdam qui aliquam enim nulla earum amet. Qui corrupti omnis distinctio enim quis nihil voluptatibus. Cumque temporibus optio quod dignissimos non aut ut.', 2, '2019-09-16 05:03:42', '2019-09-16 05:03:42');
INSERT INTO `reviews` VALUES (108, 2, 'Dr. Mohamed Rempel', 'Alias ipsam aut voluptatibus consequatur. Repellat veritatis maiores nemo accusamus ipsum itaque asperiores. Inventore et est quia quis exercitationem beatae.', 4, '2019-09-16 05:03:42', '2019-09-16 05:03:42');
INSERT INTO `reviews` VALUES (109, 32, 'Enrique Gorczany', 'Ullam quo repudiandae eos quia fugiat ut iusto. Corrupti quia id quod accusamus velit magni ut qui. Vero nemo vero quis voluptates.', 0, '2019-09-16 05:03:42', '2019-09-16 05:03:42');
INSERT INTO `reviews` VALUES (110, 28, 'Jordyn Strosin', 'Quibusdam ut non facere non. Placeat eos facere omnis laborum vero dolorem. Qui aperiam quam architecto ipsum.', 4, '2019-09-16 05:03:42', '2019-09-16 05:03:42');
INSERT INTO `reviews` VALUES (111, 39, 'Mr. Demarcus Kuhn Jr.', 'Architecto rerum voluptatibus et molestiae consequatur ut est enim. Sit beatae voluptas excepturi dolore ut. Et est iusto dolorem facere excepturi ut. Reiciendis id enim occaecati excepturi deleniti beatae.', 1, '2019-09-16 05:03:42', '2019-09-16 05:03:42');
INSERT INTO `reviews` VALUES (112, 24, 'Michel Corkery', 'Ipsum nihil unde qui qui eum numquam omnis. Culpa dolor quia eligendi voluptate ad. Sit asperiores dolorem perferendis laudantium doloribus eveniet.', 0, '2019-09-16 05:03:42', '2019-09-16 05:03:42');
INSERT INTO `reviews` VALUES (113, 5, 'Kacie Anderson', 'Consequatur optio enim consectetur et dolorem. Reprehenderit ut praesentium voluptate voluptatem fugit totam numquam. Aut esse in qui consequuntur. Doloremque quidem illo excepturi voluptas.', 2, '2019-09-16 05:03:42', '2019-09-16 05:03:42');
INSERT INTO `reviews` VALUES (114, 23, 'Dr. Melyna Mertz', 'Similique vero quos aut praesentium modi vel perferendis. Facilis voluptas reprehenderit ut. Adipisci voluptatem id dignissimos ea dolores. Et sint et beatae et.', 1, '2019-09-16 05:03:42', '2019-09-16 05:03:42');
INSERT INTO `reviews` VALUES (115, 30, 'Mrs. Eda Zieme', 'Blanditiis quam eos magni omnis. Aspernatur debitis aut temporibus. Enim quia optio blanditiis modi est aut. Dolores nemo laborum consectetur et.', 1, '2019-09-16 05:03:42', '2019-09-16 05:03:42');
INSERT INTO `reviews` VALUES (116, 34, 'Dallas Rippin', 'Nesciunt quae fuga voluptas ipsam sequi commodi doloribus. Quis autem provident eaque odio magnam aliquam. Ipsum repellat praesentium possimus voluptatibus. Asperiores qui sed consequuntur.', 4, '2019-09-16 05:03:42', '2019-09-16 05:03:42');
INSERT INTO `reviews` VALUES (117, 43, 'Susan Yundt Sr.', 'Vero facere blanditiis adipisci aut neque modi unde. Et voluptatibus rerum est laudantium error. Quam hic assumenda nisi aut.', 4, '2019-09-16 05:03:42', '2019-09-16 05:03:42');
INSERT INTO `reviews` VALUES (118, 22, 'Judd Cruickshank', 'Amet exercitationem qui consequatur sint quod repellat unde. Excepturi quidem autem nesciunt qui qui labore ut. Et aut est non fugiat fugiat repudiandae in eum.', 5, '2019-09-16 05:03:42', '2019-09-16 05:03:42');
INSERT INTO `reviews` VALUES (119, 45, 'Boris Swift', 'Voluptatem eaque nesciunt quis odio. Ut vero adipisci voluptatem ratione excepturi dignissimos suscipit explicabo. Ut voluptatum in quo voluptates voluptas illum quibusdam corrupti.', 1, '2019-09-16 05:03:42', '2019-09-16 05:03:42');
INSERT INTO `reviews` VALUES (120, 30, 'Santino O\'Keefe', 'Totam tenetur iure numquam soluta. Tempora qui natus facere iusto. Est in tempore enim pariatur explicabo placeat. Aut dolorem similique necessitatibus illo ipsa consectetur.', 0, '2019-09-16 05:03:42', '2019-09-16 05:03:42');
INSERT INTO `reviews` VALUES (121, 15, 'Aileen Durgan', 'Reprehenderit aspernatur nihil corporis suscipit. Quo est quia nostrum quis error aut. Optio omnis repellat et ipsum. Tempora ratione aliquam perspiciatis est qui omnis temporibus ad.', 5, '2019-09-16 05:03:42', '2019-09-16 05:03:42');
INSERT INTO `reviews` VALUES (122, 7, 'Efren Schowalter', 'Corrupti error placeat ipsam animi. Officia nemo dolores quae consequatur perferendis itaque soluta. Quibusdam eveniet qui perspiciatis quo id.', 2, '2019-09-16 05:03:42', '2019-09-16 05:03:42');
INSERT INTO `reviews` VALUES (123, 16, 'Prof. Mohammed Price', 'Natus culpa quis dolore eveniet. Quibusdam et ut facilis laudantium voluptas voluptatum. Numquam rerum nemo amet deserunt. Consequatur repellat voluptatibus enim et.', 4, '2019-09-16 05:03:42', '2019-09-16 05:03:42');
INSERT INTO `reviews` VALUES (124, 36, 'Jeffery Lueilwitz', 'Vel aut sit ipsam dolorem. Facilis ea ratione doloremque aperiam vero qui. Labore sequi error dolores cum magni neque.', 1, '2019-09-16 05:03:42', '2019-09-16 05:03:42');
INSERT INTO `reviews` VALUES (125, 17, 'Delbert Cremin', 'Repellendus tenetur perferendis distinctio odit. Aspernatur rerum asperiores culpa voluptatibus iste velit. Assumenda impedit dignissimos autem doloremque hic molestias. Ut dicta dolore eveniet vel est odit. Necessitatibus nihil enim aliquam.', 5, '2019-09-16 05:03:42', '2019-09-16 05:03:42');
INSERT INTO `reviews` VALUES (126, 20, 'Irving Koch', 'Modi natus quia ut commodi amet et quo. Officiis eos cum iure. Voluptas placeat eaque autem voluptate. Amet pariatur voluptas et enim.', 4, '2019-09-16 05:03:42', '2019-09-16 05:03:42');
INSERT INTO `reviews` VALUES (127, 2, 'Prof. Courtney Marvin', 'Ut excepturi temporibus et excepturi. Placeat iste deleniti est maxime. Est natus sit eos aut. Ut quasi doloremque quia deleniti sunt unde.', 5, '2019-09-16 05:03:42', '2019-09-16 05:03:42');
INSERT INTO `reviews` VALUES (128, 28, 'Maci Leuschke', 'Porro placeat quia et ut possimus ipsum animi. Dolorem numquam suscipit dolorem aut qui laborum. Dolor recusandae necessitatibus qui id. Dolorem et commodi excepturi fugit eum.', 5, '2019-09-16 05:03:42', '2019-09-16 05:03:42');
INSERT INTO `reviews` VALUES (129, 11, 'Prof. Aniyah Hayes', 'Veritatis labore blanditiis esse saepe mollitia dignissimos cupiditate. Doloremque vero explicabo illo rerum rerum autem. Tenetur incidunt et voluptatem eveniet consectetur. Sit accusamus sed esse reiciendis qui dolorum illo.', 1, '2019-09-16 05:03:42', '2019-09-16 05:03:42');
INSERT INTO `reviews` VALUES (130, 45, 'Yvonne Eichmann Sr.', 'Eum consectetur quia magni magnam doloremque sed. Quisquam et ut qui. Deserunt magnam doloremque atque molestias et consequatur.', 2, '2019-09-16 05:03:42', '2019-09-16 05:03:42');
INSERT INTO `reviews` VALUES (131, 34, 'Lupe Kautzer DDS', 'Magnam molestiae ratione ut pariatur neque nemo quia. Velit molestiae dicta et. Quo temporibus recusandae voluptas nihil. Beatae dolor aliquam nihil non laboriosam perspiciatis excepturi.', 3, '2019-09-16 05:03:42', '2019-09-16 05:03:42');
INSERT INTO `reviews` VALUES (132, 32, 'Prof. Nelson Huels II', 'Sit sit inventore dolores corrupti adipisci corporis illo est. In et dolores totam molestiae necessitatibus veritatis cumque aut. Sit voluptatum deserunt ut repellendus accusantium numquam est. Ullam odio eaque dolores doloremque et quas earum.', 4, '2019-09-16 05:03:42', '2019-09-16 05:03:42');
INSERT INTO `reviews` VALUES (133, 30, 'Janie Graham', 'Quas quia vel rerum consectetur cum quia. Repellat numquam vel autem dolorum aut nemo vel. Et voluptas mollitia aut.', 3, '2019-09-16 05:03:42', '2019-09-16 05:03:42');
INSERT INTO `reviews` VALUES (134, 44, 'Percy Feest', 'Ut praesentium dolores totam et sed doloribus. Tempora eum fugit mollitia quia dolores aut. Asperiores quas enim voluptatem et eos amet qui rerum. Laborum et sint ducimus reiciendis quia eos nostrum.', 2, '2019-09-16 05:03:42', '2019-09-16 05:03:42');
INSERT INTO `reviews` VALUES (135, 8, 'Mrs. Lyda Lebsack II', 'Aut ipsum et et. Repellat quibusdam est dicta doloribus itaque sit. Consequatur assumenda dicta vel expedita porro necessitatibus nobis. Cum sint dolorem perspiciatis qui.', 0, '2019-09-16 05:03:42', '2019-09-16 05:03:42');
INSERT INTO `reviews` VALUES (136, 44, 'Prof. Marjory Schumm V', 'Magnam repudiandae non est minima nihil. Repellendus qui consequatur a repudiandae labore quidem dolore. Quia illo voluptatem asperiores unde hic.', 0, '2019-09-16 05:03:42', '2019-09-16 05:03:42');
INSERT INTO `reviews` VALUES (137, 49, 'Nia Walter', 'Tempora quisquam distinctio perspiciatis. Sunt fuga maxime id iste dignissimos. Molestiae ratione neque quo minus.', 1, '2019-09-16 05:03:42', '2019-09-16 05:03:42');
INSERT INTO `reviews` VALUES (138, 10, 'Dr. Larissa Kuphal', 'Beatae praesentium repellat necessitatibus at autem voluptatem. Eum harum quod omnis commodi necessitatibus aut. Corrupti et dolor ut at.', 5, '2019-09-16 05:03:42', '2019-09-16 05:03:42');
INSERT INTO `reviews` VALUES (139, 16, 'Miss Kaia Kerluke', 'Praesentium totam vero ad sint similique dolor. Voluptatem consequatur occaecati est placeat illo iusto. Qui dolores sed ipsa excepturi est iusto. Excepturi porro eum quae explicabo ab qui.', 1, '2019-09-16 05:03:42', '2019-09-16 05:03:42');
INSERT INTO `reviews` VALUES (140, 19, 'Carley Fritsch', 'Voluptatum non totam nisi est nesciunt. Qui harum et accusamus earum voluptas. Velit adipisci ex maxime consectetur sequi. Saepe velit quo qui aliquid sed sunt vero.', 0, '2019-09-16 05:03:42', '2019-09-16 05:03:42');
INSERT INTO `reviews` VALUES (141, 34, 'Kiera Predovic', 'Sed dolores voluptas qui repudiandae. Architecto qui facere fugit in quis. Neque totam et error. Delectus mollitia sed officia rerum ea labore qui.', 1, '2019-09-16 05:03:42', '2019-09-16 05:03:42');
INSERT INTO `reviews` VALUES (142, 43, 'Ms. Clarabelle Stamm II', 'Libero earum sed magnam provident facere incidunt. Dolores corrupti velit quasi enim itaque veritatis. Sed praesentium ea dolorem impedit voluptatem.', 5, '2019-09-16 05:03:42', '2019-09-16 05:03:42');
INSERT INTO `reviews` VALUES (143, 40, 'Dr. Casimer Lemke I', 'Beatae incidunt vel nobis consequatur pariatur aperiam. Fugit nihil est est quia est ea. Tempora maiores accusantium optio fugiat non. Sequi quidem doloremque optio odio. Voluptas iusto dignissimos quia repellendus repellat molestiae.', 0, '2019-09-16 05:03:42', '2019-09-16 05:03:42');
INSERT INTO `reviews` VALUES (144, 40, 'Evans Dickens', 'Dolorem dolores non impedit ratione itaque rem. Dolores eaque et quo dolores dolorum deleniti enim. Sit dolore qui et aut rerum et.', 3, '2019-09-16 05:03:42', '2019-09-16 05:03:42');
INSERT INTO `reviews` VALUES (145, 31, 'Ms. Darlene Corkery', 'Sunt deserunt a eligendi eos nesciunt. Animi et est blanditiis voluptatibus. Rerum consequuntur doloribus dignissimos voluptatem accusantium corporis. Totam pariatur mollitia voluptates dolor cum quo beatae.', 2, '2019-09-16 05:03:42', '2019-09-16 05:03:42');
INSERT INTO `reviews` VALUES (146, 32, 'Alba Hamill', 'Dolores quam illum voluptatibus earum odio aspernatur. Possimus ut aliquam officiis consequatur. Hic alias minus vel.', 5, '2019-09-16 05:03:42', '2019-09-16 05:03:42');
INSERT INTO `reviews` VALUES (147, 27, 'Joannie Jones Jr.', 'Excepturi omnis porro voluptas aspernatur. Cumque non sunt voluptatem facere. Natus odit ratione ex molestiae. Aspernatur non aliquam blanditiis et consequatur.', 0, '2019-09-16 05:03:42', '2019-09-16 05:03:42');
INSERT INTO `reviews` VALUES (148, 48, 'Amy Jerde', 'Voluptatem dolorem ex non non id laborum. Aliquam modi laudantium quasi totam. Accusamus rerum voluptatibus adipisci et qui sapiente veniam pariatur.', 1, '2019-09-16 05:03:42', '2019-09-16 05:03:42');
INSERT INTO `reviews` VALUES (149, 9, 'Gay Eichmann I', 'Eos temporibus quos est saepe in voluptatibus reiciendis. Deleniti voluptates quia minus.', 5, '2019-09-16 05:03:42', '2019-09-16 05:03:42');
INSERT INTO `reviews` VALUES (150, 49, 'Orie Bergstrom', 'Ea sed cum aut odit alias illo. Id consequuntur molestias quia quod laudantium veniam eos. Tempora velit omnis error harum adipisci.', 1, '2019-09-16 05:03:42', '2019-09-16 05:03:42');
INSERT INTO `reviews` VALUES (151, 36, 'Barrett Gutmann', 'Eaque eum eligendi voluptatem eveniet quibusdam. Cum minus velit nihil dolor aut velit. Ipsum eos ut mollitia ullam ipsa temporibus. Sequi ut consequatur aut cumque magnam enim pariatur omnis.', 5, '2019-09-16 05:03:42', '2019-09-16 05:03:42');
INSERT INTO `reviews` VALUES (152, 20, 'Eleazar Miller', 'Dolorem mollitia voluptatem laborum. Illo qui ex doloribus aut fugit quisquam.', 0, '2019-09-16 05:03:42', '2019-09-16 05:03:42');
INSERT INTO `reviews` VALUES (153, 3, 'Giovanna Lang DVM', 'Fuga sint id a est perferendis. Dignissimos culpa repellat in. Voluptates qui nam nostrum tempora maiores. Amet et consequuntur asperiores dolor.', 0, '2019-09-16 05:03:42', '2019-09-16 05:03:42');
INSERT INTO `reviews` VALUES (154, 48, 'Summer Wilkinson', 'Quae reprehenderit accusamus ratione necessitatibus modi non est. Itaque in mollitia vero eligendi. Eveniet minus aut ea quis nesciunt fugiat. Quia harum ut dolor iusto.', 4, '2019-09-16 05:03:42', '2019-09-16 05:03:42');
INSERT INTO `reviews` VALUES (155, 21, 'Dr. Silas Pacocha', 'Pariatur quibusdam dolore eligendi culpa. Dolor fugiat voluptas ratione. Inventore aspernatur ut nemo et alias ut et.', 0, '2019-09-16 05:03:42', '2019-09-16 05:03:42');
INSERT INTO `reviews` VALUES (156, 16, 'Lina Bayer', 'Velit hic vero odit. Aliquid ducimus placeat labore alias. Sequi qui velit incidunt amet.', 5, '2019-09-16 05:03:42', '2019-09-16 05:03:42');
INSERT INTO `reviews` VALUES (157, 48, 'Prof. Zachery Corkery', 'Ea enim minus ut sit fugiat. Numquam optio quaerat non sapiente a enim. Incidunt velit necessitatibus occaecati sed veritatis natus vitae consequuntur. Similique vitae explicabo quasi alias.', 4, '2019-09-16 05:03:42', '2019-09-16 05:03:42');
INSERT INTO `reviews` VALUES (158, 8, 'Mr. Micah Stroman', 'Dolore minima ipsam quo et. Ipsum aut molestias beatae hic nihil. Impedit aut accusantium illum omnis qui. Ratione est officia et sunt ut alias quia.', 2, '2019-09-16 05:03:42', '2019-09-16 05:03:42');
INSERT INTO `reviews` VALUES (159, 31, 'Quentin Dickens', 'Ipsum in eos quia voluptas ad voluptatem. Est sit non nihil. Tenetur error qui reiciendis a. Et tenetur libero aspernatur molestiae voluptatem eos.', 5, '2019-09-16 05:03:42', '2019-09-16 05:03:42');
INSERT INTO `reviews` VALUES (160, 48, 'Florine Wisoky', 'Occaecati non officia sint sit. Vero est sint incidunt corporis sint sapiente voluptates. Velit nemo quos veniam recusandae beatae sunt dolores.', 3, '2019-09-16 05:03:42', '2019-09-16 05:03:42');
INSERT INTO `reviews` VALUES (161, 4, 'Mr. Norris Oberbrunner', 'Fuga qui minima voluptatem ut est vitae est fugiat. Iste iusto aut hic. Recusandae velit quia id cum fuga voluptate. Rem eum pariatur eum expedita.', 4, '2019-09-16 05:03:42', '2019-09-16 05:03:42');
INSERT INTO `reviews` VALUES (162, 34, 'Prof. Stephany Renner', 'Nam animi sit at est blanditiis dolore et. Animi non ut aliquam. Excepturi quibusdam quis eligendi aliquid.', 3, '2019-09-16 05:03:42', '2019-09-16 05:03:42');
INSERT INTO `reviews` VALUES (163, 49, 'Filomena Ortiz', 'Est quo molestias dolorem autem dolor deleniti autem omnis. Sapiente deleniti non quae fugit voluptas quam sed. Tempore molestiae quis et explicabo doloribus. Vitae dicta explicabo non maiores illum eius accusantium.', 3, '2019-09-16 05:03:42', '2019-09-16 05:03:42');
INSERT INTO `reviews` VALUES (164, 15, 'Jeffrey Christiansen', 'Repudiandae saepe laborum rerum sequi. Dolorum dignissimos illo cum voluptates quasi. Eligendi rerum cum ut ad.', 2, '2019-09-16 05:03:42', '2019-09-16 05:03:42');
INSERT INTO `reviews` VALUES (165, 29, 'Ramona Feest', 'Fugit quis quisquam veritatis voluptate deleniti qui. Nostrum aut error aut aspernatur modi porro culpa. Omnis harum dolor natus voluptatem et veritatis aliquid consequatur. Eos aperiam hic officiis quia laborum labore maiores.', 0, '2019-09-16 05:03:42', '2019-09-16 05:03:42');
INSERT INTO `reviews` VALUES (166, 46, 'Javonte Botsford', 'Quaerat eum amet sint nihil. Molestiae fugit quis sit libero voluptates illo nisi. Facilis et reiciendis harum at dolorem nulla. Accusamus corrupti et quia provident necessitatibus vero.', 2, '2019-09-16 05:03:42', '2019-09-16 05:03:42');
INSERT INTO `reviews` VALUES (167, 1, 'Casimir Witting IV', 'Mollitia vel accusamus deleniti adipisci possimus. Cumque ut ab et ad qui repudiandae itaque. Ut quis sed cupiditate nam est deserunt occaecati.', 0, '2019-09-16 05:03:42', '2019-09-16 05:03:42');
INSERT INTO `reviews` VALUES (168, 16, 'Elisabeth Stiedemann V', 'Labore sequi id et assumenda corporis suscipit qui et. Omnis incidunt aut eius sed ea. Provident voluptatem quia distinctio quidem aut sed amet. Consequatur quam fugit eum aut.', 4, '2019-09-16 05:03:42', '2019-09-16 05:03:42');
INSERT INTO `reviews` VALUES (169, 24, 'Pasquale Franecki', 'Sed quisquam voluptatibus aut est. Dolores illo molestiae harum deserunt quia similique modi veritatis. A minus consectetur minima est. Non vitae amet omnis in est iure. Necessitatibus magni minus aut adipisci modi.', 4, '2019-09-16 05:03:42', '2019-09-16 05:03:42');
INSERT INTO `reviews` VALUES (170, 2, 'Coy Kris', 'Voluptas officiis cupiditate dolores. Nostrum non nostrum aut quasi pariatur sunt eius. Veniam libero omnis ea ipsam culpa quas beatae.', 5, '2019-09-16 05:03:42', '2019-09-16 05:03:42');
INSERT INTO `reviews` VALUES (171, 8, 'Tatum Gulgowski', 'Et laborum fuga et saepe in in ad. Voluptate tenetur doloribus qui nemo. Asperiores unde atque veritatis laboriosam repudiandae est.', 5, '2019-09-16 05:03:42', '2019-09-16 05:03:42');
INSERT INTO `reviews` VALUES (172, 17, 'Clay Satterfield', 'Nihil autem commodi omnis est doloremque voluptate molestias. Tenetur aliquam nostrum excepturi consequatur molestiae unde praesentium.', 4, '2019-09-16 05:03:42', '2019-09-16 05:03:42');
INSERT INTO `reviews` VALUES (173, 33, 'Lawrence Schmidt', 'Quas nobis dolorem corporis dolores quia et culpa. Dolorem qui rerum blanditiis dolores omnis aspernatur et minus. Provident et ipsam illum eum sit modi reprehenderit. Consequatur sit repellendus vero id.', 1, '2019-09-16 05:03:42', '2019-09-16 05:03:42');
INSERT INTO `reviews` VALUES (174, 48, 'Clarabelle Daugherty', 'Nihil corrupti rerum quia mollitia dolore sed qui. Aperiam quidem facilis dicta atque. Voluptatem non deserunt quis dolores deserunt qui tempore tempora. Ea totam alias perspiciatis eum.', 1, '2019-09-16 05:03:42', '2019-09-16 05:03:42');
INSERT INTO `reviews` VALUES (175, 23, 'Prof. Vena Hauck PhD', 'Eos aliquam quod tenetur aut molestias. Earum modi incidunt consequuntur quo aut ut et.', 2, '2019-09-16 05:03:42', '2019-09-16 05:03:42');
INSERT INTO `reviews` VALUES (176, 15, 'Albertha Hegmann', 'Repellendus velit minus quo et. Officia ab dolorem maxime eos facere consectetur. Ut eos quam omnis reprehenderit molestias reiciendis consectetur ut.', 5, '2019-09-16 05:03:42', '2019-09-16 05:03:42');
INSERT INTO `reviews` VALUES (177, 16, 'Demario Fahey', 'Molestias earum velit quod adipisci aspernatur quaerat pariatur ea. Quas dolorum eligendi doloremque sint. Aspernatur ratione ducimus voluptatem pariatur quos quis.', 5, '2019-09-16 05:03:42', '2019-09-16 05:03:42');
INSERT INTO `reviews` VALUES (178, 15, 'Loren Bins', 'Sint omnis placeat libero et minus neque voluptatem. Eius itaque fugit sequi veritatis dignissimos natus.', 4, '2019-09-16 05:03:42', '2019-09-16 05:03:42');
INSERT INTO `reviews` VALUES (179, 25, 'Prof. Doris O\'Keefe', 'Eum natus similique similique similique qui consequatur esse. Et voluptates voluptatem doloremque accusamus omnis veniam. Ut est iure fugit tenetur expedita.', 2, '2019-09-16 05:03:42', '2019-09-16 05:03:42');
INSERT INTO `reviews` VALUES (180, 31, 'Rudolph Sporer', 'Ratione hic porro dicta id. Minus culpa sed corrupti. Dolores sed sint consequuntur ad aperiam maxime.', 0, '2019-09-16 05:03:42', '2019-09-16 05:03:42');
INSERT INTO `reviews` VALUES (181, 41, 'Dr. Kylie Yost', 'Dolorum nobis omnis est necessitatibus. Aut perspiciatis dicta repellat sed earum odit. Ut ea omnis non sed. Hic fuga architecto minima hic magni quo. Officiis in a dolore autem.', 2, '2019-09-16 05:03:42', '2019-09-16 05:03:42');
INSERT INTO `reviews` VALUES (182, 47, 'Sammie Jones', 'Cupiditate atque architecto voluptatibus non numquam ut. Nostrum quos ut numquam sed magnam ut voluptatem. Esse aperiam suscipit officia sint aut voluptas ut.', 0, '2019-09-16 05:03:42', '2019-09-16 05:03:42');
INSERT INTO `reviews` VALUES (183, 27, 'Dana Pollich', 'Sunt reprehenderit assumenda laudantium molestiae voluptas praesentium laudantium. Velit consequatur minus pariatur ut repudiandae quisquam nobis. Qui et et in maiores dolor consectetur.', 4, '2019-09-16 05:03:42', '2019-09-16 05:03:42');
INSERT INTO `reviews` VALUES (184, 33, 'Casandra Gutmann', 'Molestiae quia dolor commodi laboriosam. Mollitia aut nam aperiam nihil. Omnis assumenda reprehenderit reprehenderit ullam ea nulla.', 5, '2019-09-16 05:03:42', '2019-09-16 05:03:42');
INSERT INTO `reviews` VALUES (185, 17, 'Dr. Crawford Friesen', 'Laborum sint quibusdam perspiciatis. Ut laudantium unde qui quod. Minus est laudantium aperiam ipsa.', 3, '2019-09-16 05:03:42', '2019-09-16 05:03:42');
INSERT INTO `reviews` VALUES (186, 8, 'Johann Aufderhar II', 'Quis voluptatibus ut illo libero porro vero in. Aut quidem qui laudantium dolorem qui. Quibusdam et quidem fugiat magni.', 0, '2019-09-16 05:03:42', '2019-09-16 05:03:42');
INSERT INTO `reviews` VALUES (187, 37, 'Lucie Torphy', 'Similique minima aliquid voluptas ipsum praesentium ducimus. Placeat distinctio soluta consequuntur neque. Est vitae autem aut magni itaque quaerat.', 5, '2019-09-16 05:03:42', '2019-09-16 05:03:42');
INSERT INTO `reviews` VALUES (188, 10, 'Houston King', 'Inventore repudiandae consequuntur quis consequuntur. Eum et aut maiores doloribus autem. Et magni voluptate dolore delectus enim. Sit atque cum recusandae recusandae nam ducimus nesciunt.', 4, '2019-09-16 05:03:42', '2019-09-16 05:03:42');
INSERT INTO `reviews` VALUES (189, 21, 'May Adams', 'Ab qui rerum quis qui. Occaecati omnis quia ducimus adipisci. Et quisquam aut nihil repellat quo. Repellendus rerum in molestiae ea saepe perspiciatis.', 2, '2019-09-16 05:03:42', '2019-09-16 05:03:42');
INSERT INTO `reviews` VALUES (190, 26, 'Prof. Payton Williamson III', 'Natus nesciunt in est quo ex expedita. Earum voluptatum id cupiditate quasi. Enim deserunt quia vero alias ut.', 3, '2019-09-16 05:03:42', '2019-09-16 05:03:42');
INSERT INTO `reviews` VALUES (191, 47, 'Prof. Nolan Shanahan I', 'Aut nam deleniti suscipit. Qui sit et expedita beatae eligendi consequatur.', 3, '2019-09-16 05:03:42', '2019-09-16 05:03:42');
INSERT INTO `reviews` VALUES (192, 39, 'Prof. Monte Bogan III', 'Aspernatur est unde quo natus praesentium magnam eaque. Minus fugiat quos modi perspiciatis voluptates sed. Est in quasi quam est eius. Iure et hic nobis voluptatem.', 4, '2019-09-16 05:03:42', '2019-09-16 05:03:42');
INSERT INTO `reviews` VALUES (193, 40, 'Rey Sporer Sr.', 'Hic accusantium quos dolor error nobis. Sunt tempore officiis inventore et. Exercitationem iste non quia vel quos nam. Repellendus ut non vel laborum nihil.', 4, '2019-09-16 05:03:42', '2019-09-16 05:03:42');
INSERT INTO `reviews` VALUES (194, 29, 'Ila Kovacek', 'Consectetur non distinctio quo sit voluptatem id est. Culpa similique ut voluptas et dolor eligendi. Deleniti quia non vel qui. Aliquam eligendi minima pariatur in sint.', 2, '2019-09-16 05:03:42', '2019-09-16 05:03:42');
INSERT INTO `reviews` VALUES (195, 30, 'Penelope Schmidt', 'Voluptatem quidem voluptas ratione a dignissimos tempore. Et iusto sed sunt quam et dolor eum enim. Nesciunt sed iusto est possimus sapiente aliquam et ipsam.', 0, '2019-09-16 05:03:42', '2019-09-16 05:03:42');
INSERT INTO `reviews` VALUES (196, 35, 'Halie Daugherty DVM', 'Ut ducimus illo illo debitis. Et dolorem fuga eum vitae eius. Expedita voluptas libero qui dolorem voluptatibus amet temporibus. Quibusdam occaecati quo voluptatem sed consequuntur nihil cumque. Commodi dolores laborum voluptatum facere facere.', 1, '2019-09-16 05:03:42', '2019-09-16 05:03:42');
INSERT INTO `reviews` VALUES (197, 3, 'Jerry Johns', 'Corrupti aut voluptas et animi. Facilis facilis neque accusantium nobis. Expedita accusantium exercitationem earum nihil fuga recusandae. Blanditiis soluta molestias voluptate velit veniam magni.', 0, '2019-09-16 05:03:42', '2019-09-16 05:03:42');
INSERT INTO `reviews` VALUES (198, 12, 'Dr. Emil Kulas DVM', 'Officiis ex velit magni et. Numquam ut voluptatem maxime fugit temporibus in totam. Animi dolores et vel possimus voluptates mollitia et.', 2, '2019-09-16 05:03:42', '2019-09-16 05:03:42');
INSERT INTO `reviews` VALUES (199, 32, 'Kendrick Ritchie', 'Suscipit nemo qui iusto ipsa ipsa in. Temporibus tempora sint esse hic odio quis. Soluta nemo ipsam aut fuga.', 5, '2019-09-16 05:03:42', '2019-09-16 05:03:42');
INSERT INTO `reviews` VALUES (200, 49, 'Myah Swift', 'Est ipsum voluptas esse ea rerum fuga cum. Sed animi qui quae totam. Quo illo vel sint et quidem eligendi. Aut ea a distinctio fugiat quas dolorum eum.', 0, '2019-09-16 05:03:42', '2019-09-16 05:03:42');
INSERT INTO `reviews` VALUES (201, 26, 'Prof. Gilberto Huels', 'Rem soluta suscipit ipsam voluptas totam porro. Veniam porro qui animi vero vel enim qui. Veniam harum culpa laboriosam accusamus.', 4, '2019-09-16 05:03:42', '2019-09-16 05:03:42');
INSERT INTO `reviews` VALUES (202, 49, 'Dr. Art Franecki PhD', 'Totam eveniet sunt ad. Alias soluta voluptate accusantium molestias ab officiis aut. Totam sunt ut ut aut labore unde.', 0, '2019-09-16 05:03:42', '2019-09-16 05:03:42');
INSERT INTO `reviews` VALUES (203, 48, 'Dr. Friedrich Kunde', 'Sunt expedita et laudantium dolore ipsam et. Iste repudiandae consequuntur minima ab placeat repellendus aut. Ut laudantium omnis iusto sunt consectetur. Totam amet sapiente voluptates modi aut. Vel voluptas consequatur aspernatur accusantium.', 3, '2019-09-16 05:03:42', '2019-09-16 05:03:42');
INSERT INTO `reviews` VALUES (204, 28, 'Matt Rau', 'Aut omnis quidem est sint. Corrupti ab pariatur aut sint. Cupiditate facilis ut necessitatibus ut qui dicta. Corporis laboriosam magnam enim quas reiciendis nihil aut. Deserunt dolorum fuga id pariatur natus.', 5, '2019-09-16 05:03:42', '2019-09-16 05:03:42');
INSERT INTO `reviews` VALUES (205, 21, 'Marcelo Lubowitz', 'Voluptatem eos earum reiciendis necessitatibus. Autem perferendis tempora modi distinctio repudiandae. Dolorum minus sed natus expedita adipisci est. Consequatur eos consequatur enim maxime rerum vitae aut sunt.', 4, '2019-09-16 05:03:42', '2019-09-16 05:03:42');
INSERT INTO `reviews` VALUES (206, 13, 'Izaiah Green', 'Tempora ut ducimus voluptatum autem repudiandae excepturi. Sint enim laborum aliquam fugiat esse ipsam. Praesentium distinctio asperiores iste recusandae animi doloremque. Occaecati eos consequatur minus rem et.', 5, '2019-09-16 05:03:42', '2019-09-16 05:03:42');
INSERT INTO `reviews` VALUES (207, 24, 'Destiny Wehner', 'Fuga iure ut quisquam natus dolor suscipit exercitationem expedita. Labore nam quia sed at harum et sed. Et velit nisi ut qui molestias.', 0, '2019-09-16 05:03:42', '2019-09-16 05:03:42');
INSERT INTO `reviews` VALUES (208, 32, 'Dr. Cedrick Nicolas PhD', 'Tenetur velit non quo saepe. Ad temporibus quasi praesentium accusantium commodi. Sed quam eum magni deleniti.', 3, '2019-09-16 05:03:42', '2019-09-16 05:03:42');
INSERT INTO `reviews` VALUES (209, 9, 'Dr. Santina Kohler Jr.', 'Culpa minima velit est quas esse. Cupiditate non vel quia minima placeat omnis esse. Tempore quo deserunt et repudiandae. Repellat quos blanditiis vel architecto et et.', 5, '2019-09-16 05:03:42', '2019-09-16 05:03:42');
INSERT INTO `reviews` VALUES (210, 9, 'Llewellyn Dickinson', 'Nesciunt sint molestias similique enim est aut. Earum accusantium facere natus consequuntur tenetur molestiae qui. Qui iusto ut unde earum. Nemo commodi officia voluptas veniam nam eum molestias.', 2, '2019-09-16 05:03:42', '2019-09-16 05:03:42');
INSERT INTO `reviews` VALUES (211, 37, 'Allan Haag', 'Facilis illo iusto molestiae voluptatem illum amet est. Nemo voluptatem et sed ea. Eligendi ex rerum est eos delectus autem ab est. Ipsum ipsum quis sunt similique.', 0, '2019-09-16 05:03:42', '2019-09-16 05:03:42');
INSERT INTO `reviews` VALUES (212, 12, 'Mattie Ritchie DVM', 'Aut sit autem nulla rem ad perferendis. Nobis sit consequuntur voluptates distinctio.', 4, '2019-09-16 05:03:42', '2019-09-16 05:03:42');
INSERT INTO `reviews` VALUES (213, 14, 'Antoinette Bernier', 'Omnis dolores qui fugiat nisi voluptatum aut. Voluptas commodi et quia recusandae. Corporis hic non dicta quos molestiae a. Rerum eum tenetur facere quia esse voluptates.', 2, '2019-09-16 05:03:42', '2019-09-16 05:03:42');
INSERT INTO `reviews` VALUES (214, 4, 'Dr. Walton Quitzon MD', 'Aut voluptas esse numquam consequatur. Corporis voluptatem non quas deserunt quia nisi deleniti sapiente. Eaque minima quisquam tempore cumque libero quis ducimus.', 0, '2019-09-16 05:03:42', '2019-09-16 05:03:42');
INSERT INTO `reviews` VALUES (215, 7, 'Prof. Telly Windler', 'Eveniet explicabo nihil id sint. Quod voluptatibus voluptatem quae aliquam sit fugit. Et consectetur sed eos et.', 1, '2019-09-16 05:03:42', '2019-09-16 05:03:42');
INSERT INTO `reviews` VALUES (216, 20, 'Dr. Ike Erdman I', 'Voluptatibus suscipit tempora ipsam corporis magnam iure odit. Qui dolorem et facere odit asperiores quia omnis. Quam aut enim velit sed ut. Labore explicabo quam et accusantium.', 1, '2019-09-16 05:03:42', '2019-09-16 05:03:42');
INSERT INTO `reviews` VALUES (217, 11, 'Chelsea Wintheiser', 'Occaecati doloremque optio veritatis enim esse minima. Et ullam voluptas ratione possimus praesentium eum. Saepe quis quo deserunt ut praesentium recusandae.', 1, '2019-09-16 05:03:42', '2019-09-16 05:03:42');
INSERT INTO `reviews` VALUES (218, 29, 'Adele Bosco III', 'Neque possimus eos quam itaque ut dolorum. Velit dolores maiores in laborum. Est dolores fugiat minima omnis repudiandae. Voluptatem qui quis temporibus non.', 3, '2019-09-16 05:03:42', '2019-09-16 05:03:42');
INSERT INTO `reviews` VALUES (219, 13, 'Jonatan Weissnat', 'Ratione pariatur blanditiis qui adipisci tempore vel. Hic ratione nulla in sint est. Aut molestiae veniam facere maiores minus aut. Laudantium vel voluptate ut.', 3, '2019-09-16 05:03:42', '2019-09-16 05:03:42');
INSERT INTO `reviews` VALUES (220, 39, 'Phyllis Collins', 'Dignissimos neque consequatur exercitationem sit laudantium ratione asperiores. Expedita pariatur itaque et numquam dicta sed officia. Omnis non consectetur culpa eius fugit quidem in. Assumenda est voluptatem vero est ex.', 5, '2019-09-16 05:03:42', '2019-09-16 05:03:42');
INSERT INTO `reviews` VALUES (221, 28, 'Deanna Yundt IV', 'Quia dolorem sed in. Saepe voluptates consequatur et praesentium aut illo ut. Veritatis eos et aperiam pariatur doloribus et. Eos consectetur adipisci voluptatibus.', 1, '2019-09-16 05:03:42', '2019-09-16 05:03:42');
INSERT INTO `reviews` VALUES (222, 18, 'Amira Bernier', 'Beatae omnis ut officia consectetur. Quia adipisci quibusdam et soluta qui. Quod libero exercitationem aut impedit quis. Et iure architecto perspiciatis perspiciatis consectetur dolor ratione.', 5, '2019-09-16 05:03:42', '2019-09-16 05:03:42');
INSERT INTO `reviews` VALUES (223, 8, 'Alyce O\'Keefe', 'Exercitationem dolores animi explicabo ad. Omnis vel repudiandae dolor officia voluptatem illo. Quo deserunt quasi enim et voluptates.', 1, '2019-09-16 05:03:42', '2019-09-16 05:03:42');
INSERT INTO `reviews` VALUES (224, 39, 'Reece Beahan', 'Minima dolores similique iure sint reiciendis odit. Nulla optio nam sequi. Sint laudantium quo consequatur modi dolorem tempora. Eum nulla magnam minima optio id voluptatibus earum. Fuga dignissimos veritatis id eius.', 0, '2019-09-16 05:03:42', '2019-09-16 05:03:42');
INSERT INTO `reviews` VALUES (225, 33, 'Dr. Yvette O\'Connell Sr.', 'Illo soluta perferendis ab reiciendis aut quasi quia. Repudiandae consectetur aliquid sed ipsam ab. Dolores quia quia illum.', 4, '2019-09-16 05:03:42', '2019-09-16 05:03:42');
INSERT INTO `reviews` VALUES (226, 35, 'Terrance Nikolaus', 'Consequatur quas commodi error explicabo. Voluptate voluptatibus consequatur magnam architecto ratione officiis mollitia expedita. Pariatur sit molestiae et. Id aut totam eveniet nam aperiam necessitatibus.', 5, '2019-09-16 05:03:42', '2019-09-16 05:03:42');
INSERT INTO `reviews` VALUES (227, 33, 'Garth Howe', 'Doloremque ut recusandae quaerat aliquid ipsam. Modi consequatur delectus quod cumque. Expedita accusantium omnis repudiandae fugit nobis.', 0, '2019-09-16 05:03:42', '2019-09-16 05:03:42');
INSERT INTO `reviews` VALUES (228, 4, 'Miss Rose Bergnaum', 'Minima quidem corrupti consequuntur inventore quibusdam sunt. Asperiores vel vero autem quia.', 1, '2019-09-16 05:03:42', '2019-09-16 05:03:42');
INSERT INTO `reviews` VALUES (229, 15, 'Clifford Mohr', 'In nemo quasi quod ducimus sed ut. Est tempora consequuntur doloremque temporibus reprehenderit atque. Tempora est possimus accusantium est. Delectus consequuntur molestiae perspiciatis est. Dolorem quia et facere aut aspernatur.', 2, '2019-09-16 05:03:42', '2019-09-16 05:03:42');
INSERT INTO `reviews` VALUES (230, 7, 'Prof. Taylor Glover Jr.', 'Vel ut hic repellat cum est iure. Vitae nemo ipsum dolores provident consequatur nihil. Ut cum velit quo odit.', 5, '2019-09-16 05:03:42', '2019-09-16 05:03:42');
INSERT INTO `reviews` VALUES (231, 21, 'Sheridan Jerde', 'Similique quo beatae tempora praesentium sed delectus. Nobis sed deleniti quod. Debitis dolorem sint blanditiis rerum magnam tempore et.', 5, '2019-09-16 05:03:42', '2019-09-16 05:03:42');
INSERT INTO `reviews` VALUES (232, 3, 'Kaitlyn Tromp', 'Corporis quasi dolorem eius laboriosam consequatur velit aut. Omnis ut dolorum aperiam occaecati. Enim veniam aut ratione ut. Amet sunt eos blanditiis quia.', 3, '2019-09-16 05:03:42', '2019-09-16 05:03:42');
INSERT INTO `reviews` VALUES (233, 37, 'Santino Shields III', 'Quae et error deserunt et tempore. Ducimus voluptas sunt qui voluptates et. Ut veritatis reiciendis unde libero corporis ut qui. Optio fugiat consequatur deleniti dolor quasi excepturi.', 0, '2019-09-16 05:03:42', '2019-09-16 05:03:42');
INSERT INTO `reviews` VALUES (234, 19, 'Fiona Walter I', 'Necessitatibus nemo quisquam cumque ipsa incidunt rerum eos. Quis repellat consequatur minima blanditiis necessitatibus dolorum sint. Id autem reiciendis rerum velit voluptatem. Aliquam quos voluptatem nihil possimus quia est non.', 5, '2019-09-16 05:03:42', '2019-09-16 05:03:42');
INSERT INTO `reviews` VALUES (235, 42, 'Miss Agustina Champlin', 'Porro rem velit tempore sint placeat. Voluptatibus sint id et recusandae. Perferendis enim quia et laudantium velit iste in.', 4, '2019-09-16 05:03:42', '2019-09-16 05:03:42');
INSERT INTO `reviews` VALUES (236, 35, 'Mr. Lexus Hamill', 'Accusamus iusto atque consequatur deleniti voluptatem quae. Consequuntur aspernatur quis rerum magni in earum dignissimos. Expedita nemo saepe iste ipsa in.', 3, '2019-09-16 05:03:42', '2019-09-16 05:03:42');
INSERT INTO `reviews` VALUES (237, 32, 'Mr. Montana Prosacco', 'Saepe debitis accusamus qui esse distinctio impedit. Suscipit culpa repellendus praesentium rerum vitae tenetur. Suscipit quam in numquam tempore earum.', 0, '2019-09-16 05:03:42', '2019-09-16 05:03:42');
INSERT INTO `reviews` VALUES (238, 23, 'Mrs. Sierra Rohan', 'Veritatis voluptates voluptatem deleniti. Sed expedita quam est aut. Aut et nesciunt sapiente optio.', 0, '2019-09-16 05:03:42', '2019-09-16 05:03:42');
INSERT INTO `reviews` VALUES (239, 18, 'Gay Satterfield', 'Facere et eligendi et alias nihil expedita error. Alias culpa nam omnis officiis. Sunt adipisci minus labore voluptate perferendis sit. Illum recusandae et rem incidunt vero aut occaecati. Quaerat aut consequatur quas harum et cumque laborum.', 5, '2019-09-16 05:03:42', '2019-09-16 05:03:42');
INSERT INTO `reviews` VALUES (240, 16, 'Angelita Herman DVM', 'Omnis et voluptas natus exercitationem. Qui itaque corrupti non est repudiandae. Necessitatibus officia est omnis ut natus. Vero unde quas voluptates ex rem. Qui ut qui suscipit voluptatem.', 3, '2019-09-16 05:03:42', '2019-09-16 05:03:42');
INSERT INTO `reviews` VALUES (241, 14, 'Edyth Buckridge', 'Qui modi in est rerum ea provident. Rerum pariatur corporis nostrum cum. Reprehenderit accusamus magni ut et illum aut itaque.', 4, '2019-09-16 05:03:42', '2019-09-16 05:03:42');
INSERT INTO `reviews` VALUES (242, 37, 'Zoe Tillman', 'Quo voluptates alias ut qui. Alias exercitationem laboriosam cum atque quidem. Quis ullam sunt pariatur aut consequatur.', 5, '2019-09-16 05:03:42', '2019-09-16 05:03:42');
INSERT INTO `reviews` VALUES (243, 23, 'Miss Reta Bechtelar', 'Quas ex asperiores ipsum qui voluptatem laboriosam dolor. Ut qui maxime excepturi. Rerum aut qui cupiditate eum similique. Nemo totam aspernatur sunt.', 1, '2019-09-16 05:03:42', '2019-09-16 05:03:42');
INSERT INTO `reviews` VALUES (244, 5, 'Mr. Weston Brown MD', 'Nihil et voluptatem occaecati reiciendis aut debitis illum. Optio quo et consequatur omnis. Voluptatem possimus voluptas in omnis officia eos.', 2, '2019-09-16 05:03:42', '2019-09-16 05:03:42');
INSERT INTO `reviews` VALUES (245, 19, 'Emmalee Upton', 'Esse occaecati sed maiores corrupti fuga autem itaque. Explicabo voluptas excepturi animi. Nostrum sit aut qui.', 4, '2019-09-16 05:03:42', '2019-09-16 05:03:42');
INSERT INTO `reviews` VALUES (246, 44, 'Jorge Anderson', 'Velit aut occaecati expedita laudantium saepe molestiae veniam. Itaque voluptatem doloribus aliquid velit.', 2, '2019-09-16 05:03:42', '2019-09-16 05:03:42');
INSERT INTO `reviews` VALUES (247, 37, 'Danyka Hirthe', 'Est beatae cumque iusto asperiores blanditiis. Ut libero voluptatem autem odit non et. Et eos consequatur ea. Quia qui est quia voluptate autem.', 3, '2019-09-16 05:03:42', '2019-09-16 05:03:42');
INSERT INTO `reviews` VALUES (248, 28, 'Ernestina Hickle', 'Expedita velit porro eos repellendus eligendi vero. Enim aut mollitia eaque aut rem dolore debitis libero. Officiis impedit dignissimos aut non ut eum ut molestias. Possimus perferendis praesentium velit sequi illum esse corporis suscipit.', 2, '2019-09-16 05:03:42', '2019-09-16 05:03:42');
INSERT INTO `reviews` VALUES (249, 21, 'Mrs. Myra Frami', 'Non consequatur voluptatum suscipit doloribus minima. Sunt tenetur possimus nulla aut. Excepturi esse sit cupiditate dolorum est ipsum optio. Itaque minus qui neque doloribus nihil repudiandae.', 2, '2019-09-16 05:03:42', '2019-09-16 05:03:42');
INSERT INTO `reviews` VALUES (250, 46, 'Nakia Stracke', 'Molestias facilis expedita repellendus officia velit ut ea. Odit aliquam et et ipsa quisquam. Sed quia rerum voluptatum molestiae.', 3, '2019-09-16 05:03:42', '2019-09-16 05:03:42');
INSERT INTO `reviews` VALUES (251, 22, 'Dario Hoeger', 'Aliquam vel quia non reiciendis vitae. Ea consequuntur in dolorem ducimus officiis et. Aut aliquam dignissimos voluptate soluta qui nihil enim. Ut tempora est perspiciatis sit.', 2, '2019-09-16 05:03:42', '2019-09-16 05:03:42');
INSERT INTO `reviews` VALUES (252, 11, 'Boyd Cummings', 'Accusantium vitae atque dolores voluptatum dolores mollitia exercitationem. Veniam consequatur nesciunt nemo ducimus. Ratione sunt dolorem reprehenderit odit dolorum cupiditate enim.', 5, '2019-09-16 05:03:42', '2019-09-16 05:03:42');
INSERT INTO `reviews` VALUES (253, 41, 'Dr. Lucienne Wolff MD', 'Voluptates laudantium corrupti est earum blanditiis. Consequatur tenetur voluptatem tempora optio rerum aut dicta. Et mollitia soluta sed aut occaecati deserunt est repellendus. Vitae velit ab quas a sunt. Iure aut id pariatur consequatur nam eum.', 4, '2019-09-16 05:03:42', '2019-09-16 05:03:42');
INSERT INTO `reviews` VALUES (254, 5, 'Edison Bernhard', 'Atque fuga maxime veniam iure. Inventore ut fuga enim sint dolore cumque. Eaque repellat officiis voluptates nihil. Autem quaerat deserunt deserunt nisi aut fugit eligendi vitae.', 1, '2019-09-16 05:03:42', '2019-09-16 05:03:42');
INSERT INTO `reviews` VALUES (255, 1, 'Dr. Cordell Hansen MD', 'Quaerat optio ipsum saepe qui. Earum qui qui iure doloremque doloribus quod delectus. Nihil minus quos placeat vel dolores tenetur possimus ad.', 2, '2019-09-16 05:03:42', '2019-09-16 05:03:42');
INSERT INTO `reviews` VALUES (256, 4, 'Luciano Bartoletti DVM', 'Porro alias quia minima atque et. Dolorum voluptate aut officia repellendus ut sunt ipsam. Accusamus quibusdam est dignissimos deleniti labore qui fugiat. Porro sed deserunt ut repellat occaecati corporis.', 5, '2019-09-16 05:03:42', '2019-09-16 05:03:42');
INSERT INTO `reviews` VALUES (257, 4, 'Ernie Bahringer', 'Ea deserunt ex et. Quisquam deleniti ut eum ut culpa quo commodi. Omnis quidem et rerum. Aut aliquid vel harum non et sunt.', 0, '2019-09-16 05:03:42', '2019-09-16 05:03:42');
INSERT INTO `reviews` VALUES (258, 25, 'Carley Muller V', 'Excepturi qui voluptatibus dolorum nostrum recusandae odit rerum. Omnis ea rerum qui tempore fuga. Doloremque sunt dolores nam reiciendis soluta veritatis.', 5, '2019-09-16 05:03:42', '2019-09-16 05:03:42');
INSERT INTO `reviews` VALUES (259, 30, 'Tiffany Corwin III', 'Dolorem nam soluta et tenetur neque iusto. Odio tempora voluptas tempora ut quia nisi tempora. Et quis deleniti aut recusandae necessitatibus. Repudiandae autem expedita sit reiciendis aperiam pariatur. Incidunt accusantium voluptas in sapiente omnis unde et ut.', 5, '2019-09-16 05:03:42', '2019-09-16 05:03:42');
INSERT INTO `reviews` VALUES (260, 2, 'Nedra Schuster', 'Magnam et officiis in corrupti. Omnis quas deserunt quis iste est et dolores. Enim aliquid consequatur quibusdam. Non est dolor soluta autem iure quisquam commodi.', 1, '2019-09-16 05:03:42', '2019-09-16 05:03:42');
INSERT INTO `reviews` VALUES (261, 16, 'Vanessa Hayes', 'Voluptates fugit ipsa magni et voluptatem. Quis dolorum fuga earum sit. Hic id voluptatem expedita facilis et.', 0, '2019-09-16 05:03:42', '2019-09-16 05:03:42');
INSERT INTO `reviews` VALUES (262, 37, 'Prof. Josh Kreiger', 'Aliquid est vero saepe placeat in veritatis officiis. Quia facilis ratione fugiat est dignissimos perferendis. Sit ut sequi in. Hic beatae ea velit eos rerum libero incidunt.', 3, '2019-09-16 05:03:42', '2019-09-16 05:03:42');
INSERT INTO `reviews` VALUES (263, 4, 'Prof. Hyman Schimmel DVM', 'Suscipit voluptate consequatur nesciunt consequatur expedita et. Dolor commodi omnis in autem. Dicta excepturi praesentium provident molestiae illum nihil. Dolore id tempore ut molestiae iure et vero inventore.', 0, '2019-09-16 05:03:42', '2019-09-16 05:03:42');
INSERT INTO `reviews` VALUES (264, 38, 'Dr. Leonard Schmidt', 'Molestias et reprehenderit alias ratione vel et tempora vitae. Consequatur qui reprehenderit eligendi ipsa ut ut enim. Quia magnam officia expedita fuga iure.', 0, '2019-09-16 05:03:42', '2019-09-16 05:03:42');
INSERT INTO `reviews` VALUES (265, 39, 'Mrs. Katarina Bahringer', 'Doloribus maiores reprehenderit totam consequatur maxime qui. Blanditiis minus soluta et repudiandae eveniet nihil. Quo molestiae voluptatem aut molestias nulla.', 2, '2019-09-16 05:03:42', '2019-09-16 05:03:42');
INSERT INTO `reviews` VALUES (266, 33, 'Macy McDermott MD', 'Aut fugiat esse magni. Necessitatibus ut et doloremque quo magni tenetur. Deserunt est sed nihil aut.', 5, '2019-09-16 05:03:42', '2019-09-16 05:03:42');
INSERT INTO `reviews` VALUES (267, 49, 'Earnestine Gutkowski', 'Officiis sit hic voluptatibus culpa. Consequatur qui est labore sit ullam commodi. Sed aspernatur temporibus voluptatem inventore.', 5, '2019-09-16 05:03:42', '2019-09-16 05:03:42');
INSERT INTO `reviews` VALUES (268, 45, 'Prof. Porter Doyle DDS', 'Libero id et distinctio occaecati quis. Harum fugiat id quaerat ut. Beatae et ut consectetur. Soluta ut hic quia fugiat est temporibus. Qui unde deserunt ea eaque cumque.', 4, '2019-09-16 05:03:42', '2019-09-16 05:03:42');
INSERT INTO `reviews` VALUES (269, 33, 'Jeanette Muller', 'Magni unde sint impedit maxime provident. Et consequatur at esse debitis expedita voluptate nostrum. Magni vitae enim corporis pariatur dolorem. Ex corrupti minus et voluptatibus ab eos. Et placeat minima molestias.', 1, '2019-09-16 05:03:42', '2019-09-16 05:03:42');
INSERT INTO `reviews` VALUES (270, 47, 'Marcelle Kuphal', 'Occaecati est similique quia sed deleniti et. Aut rem soluta consequatur commodi. Libero quisquam quas consequatur sed vel consequatur.', 2, '2019-09-16 05:03:42', '2019-09-16 05:03:42');
INSERT INTO `reviews` VALUES (271, 13, 'Kathryn Bogisich DVM', 'Ducimus illum tenetur et maiores qui. Quisquam ut deserunt pariatur. Voluptatum consectetur cum qui ut. Magni molestiae reiciendis qui non qui deleniti est.', 5, '2019-09-16 05:03:42', '2019-09-16 05:03:42');
INSERT INTO `reviews` VALUES (272, 7, 'Delia Johnson', 'Earum facilis aut deleniti tempora. Sed modi officiis quis minima dignissimos. Et voluptatem facilis quae quae consequatur et cum. Doloremque soluta consequatur inventore quasi accusantium repellendus.', 0, '2019-09-16 05:03:42', '2019-09-16 05:03:42');
INSERT INTO `reviews` VALUES (273, 47, 'Kevon McCullough', 'Ullam laudantium officiis delectus. Cumque aspernatur ea quasi voluptates et. Veniam qui nam minus omnis.', 2, '2019-09-16 05:03:42', '2019-09-16 05:03:42');
INSERT INTO `reviews` VALUES (274, 13, 'Connie Wolff DVM', 'Velit vel ratione laudantium dolores accusantium et dolor. Animi rem vel quasi tempora ut quidem.', 4, '2019-09-16 05:03:42', '2019-09-16 05:03:42');
INSERT INTO `reviews` VALUES (275, 29, 'Miss Rebeca Lynch', 'Asperiores illum sunt quibusdam. Placeat cum reprehenderit at omnis voluptates deserunt quisquam. Qui in iusto non sed non atque voluptatum. Sed temporibus labore esse illo ipsum facere. Labore aliquid ipsam autem corrupti minima.', 4, '2019-09-16 05:03:42', '2019-09-16 05:03:42');
INSERT INTO `reviews` VALUES (276, 20, 'Mr. Harry Rath Jr.', 'Totam mollitia iste tempora perspiciatis aperiam. Voluptatem sit quia doloremque labore magnam sed.', 0, '2019-09-16 05:03:42', '2019-09-16 05:03:42');
INSERT INTO `reviews` VALUES (277, 31, 'Vivienne Mann III', 'Et fugit nobis incidunt aperiam. Iusto et eum dolores. Natus nemo inventore tempora nisi qui qui.', 1, '2019-09-16 05:03:42', '2019-09-16 05:03:42');
INSERT INTO `reviews` VALUES (278, 10, 'Mrs. Cortney Connelly II', 'Nesciunt amet ad at facilis. Earum velit quo qui quisquam doloribus natus consectetur. Non neque accusamus accusantium ullam est. Dolorem voluptatem cumque perferendis hic.', 3, '2019-09-16 05:03:42', '2019-09-16 05:03:42');
INSERT INTO `reviews` VALUES (279, 50, 'Coleman Moen', 'Provident itaque qui labore dignissimos. Molestiae velit architecto optio. Nisi molestiae excepturi quisquam nesciunt accusantium.', 2, '2019-09-16 05:03:42', '2019-09-16 05:03:42');
INSERT INTO `reviews` VALUES (280, 43, 'Twila Gerhold DDS', 'Enim illum aut tenetur hic voluptatem qui tenetur. Veniam nam assumenda delectus. Sunt pariatur nemo molestiae laborum.', 2, '2019-09-16 05:03:42', '2019-09-16 05:03:42');
INSERT INTO `reviews` VALUES (281, 45, 'Prof. Grace Stroman', 'Ea est eligendi id voluptatum repellendus. Ratione maiores omnis non. Doloremque asperiores voluptatem quis molestiae velit blanditiis.', 4, '2019-09-16 05:03:42', '2019-09-16 05:03:42');
INSERT INTO `reviews` VALUES (282, 36, 'Jailyn Grant', 'Hic reprehenderit cumque voluptate modi animi natus est. Quia non nostrum consequatur et molestias rerum.', 0, '2019-09-16 05:03:42', '2019-09-16 05:03:42');
INSERT INTO `reviews` VALUES (283, 43, 'Dora Schneider', 'Eligendi quos labore eaque. Nostrum quaerat molestiae excepturi et laborum consectetur. Ut aperiam ratione suscipit assumenda fuga hic.', 3, '2019-09-16 05:03:42', '2019-09-16 05:03:42');
INSERT INTO `reviews` VALUES (284, 27, 'Verna Johnston', 'Iste consequatur voluptas quae ut accusamus mollitia qui. Aut et minima quia ducimus libero qui libero. Iure veniam ad cumque dolorem iure. Possimus suscipit quam officiis impedit unde.', 2, '2019-09-16 05:03:42', '2019-09-16 05:03:42');
INSERT INTO `reviews` VALUES (285, 15, 'Jason Skiles III', 'Asperiores architecto possimus veniam sed corrupti dolor. Porro accusantium debitis minima. Reiciendis odio autem excepturi aut eum qui. Consequatur consequatur excepturi in unde.', 4, '2019-09-16 05:03:42', '2019-09-16 05:03:42');
INSERT INTO `reviews` VALUES (286, 34, 'Tina Macejkovic', 'Quis porro sapiente aliquam perferendis quia voluptates ipsa. Odit amet laborum libero quia accusamus modi tempore aperiam. Blanditiis aut molestiae cupiditate aperiam ut neque dolorem nulla.', 2, '2019-09-16 05:03:42', '2019-09-16 05:03:42');
INSERT INTO `reviews` VALUES (287, 49, 'Deion Parker', 'Neque exercitationem corrupti nesciunt et perspiciatis modi. Est quisquam libero ea corporis animi. Est dolorem cum perferendis commodi ducimus. Voluptatem voluptatem aut repellat omnis omnis officiis at.', 3, '2019-09-16 05:03:42', '2019-09-16 05:03:42');
INSERT INTO `reviews` VALUES (288, 6, 'Estell Kuhn', 'Culpa quos est qui cum corrupti sit. Voluptate voluptas temporibus qui sit.', 4, '2019-09-16 05:03:42', '2019-09-16 05:03:42');
INSERT INTO `reviews` VALUES (289, 2, 'Edythe Johns', 'Omnis repudiandae voluptates reprehenderit laboriosam aut dolorem. Consequatur eligendi sunt ut fugit quasi dolores occaecati. Fugiat pariatur qui est autem non qui aut.', 2, '2019-09-16 05:03:42', '2019-09-16 05:03:42');
INSERT INTO `reviews` VALUES (290, 34, 'Dr. Arlene Harris', 'Tempore assumenda ut vel voluptatum in ducimus ratione blanditiis. Voluptatum voluptatem voluptatem voluptatibus quod sunt sint porro. Excepturi voluptas repellat ullam neque autem velit eaque.', 1, '2019-09-16 05:03:42', '2019-09-16 05:03:42');
INSERT INTO `reviews` VALUES (291, 2, 'Prof. Chyna Gerhold', 'Dolorem molestiae minus perspiciatis aut totam reprehenderit est. Id hic perferendis ut veritatis impedit ea. Dignissimos debitis ducimus sed nisi ex eos repellat. Voluptatem dolorum ipsa quis blanditiis.', 0, '2019-09-16 05:03:42', '2019-09-16 05:03:42');
INSERT INTO `reviews` VALUES (292, 46, 'Maci O\'Conner', 'Possimus exercitationem illum nihil autem aspernatur reprehenderit. Et delectus recusandae nulla ut est ipsum. Assumenda possimus voluptatibus odit aspernatur repellendus fugiat. In assumenda aut expedita sed officiis qui atque. Natus illum laboriosam libero labore.', 1, '2019-09-16 05:03:42', '2019-09-16 05:03:42');
INSERT INTO `reviews` VALUES (293, 9, 'Lucas Runolfsson', 'Velit eius dignissimos similique laborum voluptatibus. Odio quisquam velit consequuntur voluptas accusamus quod pariatur nemo.', 0, '2019-09-16 05:03:42', '2019-09-16 05:03:42');
INSERT INTO `reviews` VALUES (294, 44, 'Brad Fritsch', 'Ullam blanditiis aut ut soluta modi. Itaque dolor maiores ratione nobis. Quia architecto maiores quia doloribus voluptatem.', 1, '2019-09-16 05:03:42', '2019-09-16 05:03:42');
INSERT INTO `reviews` VALUES (295, 25, 'Jude Nikolaus', 'Sit tempore perspiciatis fugiat odio aut qui dolores. Ipsum iusto ut praesentium eum eius odio. Vel quam voluptates at blanditiis aut earum. Provident enim et exercitationem possimus.', 3, '2019-09-16 05:03:42', '2019-09-16 05:03:42');
INSERT INTO `reviews` VALUES (296, 12, 'Gerry Cassin', 'Omnis quia consequatur est consequatur maxime sit. Labore quis porro nulla harum quidem perferendis dolorem. Et velit voluptatem unde.', 0, '2019-09-16 05:03:42', '2019-09-16 05:03:42');
INSERT INTO `reviews` VALUES (297, 20, 'Dr. Bartholome Heller III', 'Ut vel sequi eaque possimus consequatur neque. Officiis quos minus cum unde. Ea et et optio iste.', 1, '2019-09-16 05:03:42', '2019-09-16 05:03:42');
INSERT INTO `reviews` VALUES (298, 31, 'Candida Schultz Jr.', 'Debitis veritatis asperiores nemo tenetur minima sequi consequatur. Vel nesciunt dolor recusandae mollitia. Eaque similique numquam aut quia facilis.', 2, '2019-09-16 05:03:42', '2019-09-16 05:03:42');
INSERT INTO `reviews` VALUES (299, 12, 'Grant Smith', 'Minima omnis expedita corrupti error quaerat. Optio inventore quo numquam quam maxime et rerum et. Eius et totam at sit quibusdam eveniet aspernatur voluptates. Minima in sed occaecati alias et. Sunt in quasi temporibus quo et et dignissimos.', 2, '2019-09-16 05:03:42', '2019-09-16 05:03:42');
INSERT INTO `reviews` VALUES (300, 46, 'Sydnee Lueilwitz', 'Nemo aperiam dolore enim dolores laudantium tenetur dolores minus. Architecto recusandae cupiditate vel necessitatibus id. Assumenda dolorum magnam facere.', 5, '2019-09-16 05:03:42', '2019-09-16 05:03:42');
COMMIT;

-- ----------------------------
-- Table structure for users
-- ----------------------------
DROP TABLE IF EXISTS `users`;
CREATE TABLE `users` (
  `id` bigint(20) unsigned NOT NULL AUTO_INCREMENT,
  `name` varchar(255) COLLATE utf8mb4_unicode_ci NOT NULL,
  `email` varchar(255) COLLATE utf8mb4_unicode_ci NOT NULL,
  `email_verified_at` timestamp NULL DEFAULT NULL,
  `password` varchar(255) COLLATE utf8mb4_unicode_ci NOT NULL,
  `remember_token` varchar(100) COLLATE utf8mb4_unicode_ci DEFAULT NULL,
  `created_at` timestamp NULL DEFAULT NULL,
  `updated_at` timestamp NULL DEFAULT NULL,
  PRIMARY KEY (`id`),
  UNIQUE KEY `users_email_unique` (`email`)
) ENGINE=InnoDB DEFAULT CHARSET=utf8mb4 COLLATE=utf8mb4_unicode_ci;

SET FOREIGN_KEY_CHECKS = 1;
